"Month","Day","Year","Time","Flux","Temperature (C)","CO2 Soil (ppm) ","CO2 Soil STD (ppm)","CO2 ATM (ppm)","CO2 ATM STD (ppm)","Mode"
07,10,19,11:23:17,  -0.00,  -0.0,   -0.00,  -0.000,   -0.00,  -0.000,1
07,10,19,11:30:00,   1.00,  23.9,  326.00,   5.280,  269.07,   8.175,1.75326,1.74460,1.75289,1.74976,0
07,10,19,11:45:00,   1.06,  24.6,  323.78,   3.923,  263.50,   5.991,1.75468,1.74593,1.75418,1.75068,0
07,10,19,12:00:00,   0.85,  23.4,  318.70,   5.256,  270.22,   4.221,1.75335,1.74626,1.75322,1.75022,0
07,10,19,12:15:00,   0.78,  22.3,  312.73,   1.938,  268.19,   3.906,1.75297,1.74730,1.75251,1.75059,0
07,10,19,12:30:00,   0.85,  22.0,  317.81,   3.869,  269.31,   2.495,1.75314,1.74743,1.75280,1.75101,0
07,10,19,12:45:00,   0.69,  22.3,  305.91,   3.346,  266.90,   2.352,1.75360,1.74822,1.75301,1.75147,0
07,10,19,13:00:00,  -0.02,  22.6,  280.34,   1.463,  281.56,   7.379,1.75364,1.75043,1.75372,1.74955,0
07,10,19,13:15:00,   1.21,  22.7,  339.41,   6.375,  270.74,   0.919,1.75385,1.74547,1.75364,1.75089,0
07,10,19,13:30:00,   0.88,  22.8,  323.38,   1.758,  273.36,   3.318,1.75385,1.74697,1.75376,1.75097,0
07,10,19,13:45:00,   0.86,  22.8,  319.48,   5.429,  270.63,   2.453,1.75435,1.74739,1.75380,1.75130,0
07,10,19,14:00:00,   0.81,  23.1,  313.58,   2.303,  267.34,   3.279,1.75401,1.74751,1.75393,1.75126,0
07,10,19,14:15:00,   0.73,  22.9,  316.49,   3.307,  274.83,   4.788,1.75389,1.74760,1.75410,1.75143,0
07,10,19,14:30:00,   0.74,  22.1,  317.37,   2.265,  275.48,   3.609,1.75372,1.74801,1.75310,1.75110,0
07,10,19,14:45:00,   0.75,  21.8,  314.05,   3.146,  271.38,   4.243,1.75343,1.74822,1.75351,1.75189,0
07,10,19,15:00:00,   0.76,  21.3,  314.97,   4.028,  271.89,   2.298,1.75276,1.74818,1.75293,1.75172,0
07,10,19,15:15:00,   0.73,  20.6,  313.62,   3.289,  272.12,   3.214,1.75222,1.74818,1.75214,1.75155,0
07,10,19,15:30:00,   0.79,  20.0,  316.62,   3.181,  271.57,   2.764,1.75126,1.74818,1.75118,1.75160,0
07,10,19,15:45:00,   0.80,  19.5,  318.38,   4.381,  273.03,   3.043,1.75130,1.74785,1.75118,1.75168,0
07,10,19,16:00:00,   0.75,  19.3,  319.05,   1.503,  276.27,   3.030,1.75114,1.74822,1.75151,1.75201,0
07,10,19,16:15:00,   0.80,  19.1,  320.10,   1.688,  274.46,   3.924,1.75089,1.74822,1.75093,1.75176,0
07,10,19,16:30:00,   0.80,  18.6,  322.98,   4.652,  277.80,   4.618,1.75005,1.74739,1.75055,1.75147,0
07,10,19,16:45:00,   0.86,  17.9,  322.54,   2.672,  273.74,   2.103,1.74943,1.74760,1.74951,1.75180,0
07,10,19,17:00:00,   0.91,  17.3,  325.66,   4.160,  274.13,   5.561,1.74922,1.74755,1.74914,1.75222,0
07,10,19,17:15:00,   0.90,  16.8,  328.40,   5.060,  277.51,   3.051,1.74876,1.74764,1.74885,1.75201,0
07,10,19,17:30:00,   0.92,  16.3,  329.50,   2.743,  277.35,   4.395,1.74814,1.74751,1.74780,1.75147,0
07,10,19,17:45:00,   0.91,  15.7,  330.24,   5.273,  278.79,   3.674,1.74730,1.74760,1.74751,1.75172,0
07,10,19,18:00:00,   0.97,  15.0,  332.09,   2.832,  277.13,   2.426,1.74672,1.74718,1.74664,1.75180,0
07,10,19,18:15:00,   1.01,  14.4,  336.23,   3.162,  278.86,   3.666,1.74614,1.74718,1.74622,1.75172,0
07,10,19,18:30:00,   1.08,  13.9,  344.89,   3.409,  283.50,   3.069,1.74614,1.74697,1.74622,1.75193,0
07,10,19,18:45:00,   1.14,  13.6,  348.30,   3.696,  283.45,   4.267,1.74584,1.74685,1.74572,1.75189,0
07,10,19,19:00:00,   1.11,  13.2,  349.21,   2.530,  286.02,   4.312,1.74555,1.74680,1.74564,1.75197,0
07,10,19,19:15:00,   1.28,  12.9,  356.77,   4.685,  284.33,   5.439,1.74539,1.74643,1.74530,1.75205,0
07,10,19,19:30:00,   1.33,  12.6,  360.91,   5.516,  285.51,   3.482,1.74535,1.74597,1.74522,1.75205,0
07,10,19,19:45:00,   1.30,  12.3,  360.68,   6.616,  287.12,   5.117,1.74526,1.74601,1.74489,1.75193,0
07,10,19,20:00:00,   1.41,  12.1,  365.31,   4.832,  285.06,   3.910,1.74484,1.74622,1.74484,1.75247,0
07,10,19,20:15:00,   1.47,  11.8,  369.24,   6.877,  285.68,   4.821,1.74493,1.74584,1.74439,1.75222,0
07,10,19,20:30:00,   1.43,  11.6,  368.79,   5.838,  287.87,   2.006,1.74447,1.74568,1.74451,1.75218,0
07,10,19,20:45:00,   1.52,  11.5,  373.18,   6.983,  287.14,   2.957,1.74476,1.74539,1.74435,1.75243,0
07,10,19,21:00:00,   1.50,  11.2,  374.53,   6.425,  289.51,   4.436,1.74443,1.74539,1.74426,1.75260,0
07,10,19,21:15:00,   1.52,  11.0,  378.13,   5.242,  291.69,   7.334,1.74426,1.74543,1.74393,1.75272,0
07,10,19,21:30:00,   1.60,  10.8,  381.68,   5.984,  290.74,   5.912,1.74397,1.74489,1.74393,1.75260,0
07,10,19,21:45:00,   1.67,  10.6,  387.28,   4.414,  292.55,   7.585,1.74393,1.74497,1.74355,1.75243,0
07,10,19,22:00:00,   1.64,  10.5,  384.44,   5.298,  291.17,   4.744,1.74397,1.74522,1.74376,1.75247,0
07,10,19,22:15:00,   1.79,  10.4,  391.71,   5.753,  290.34,   5.171,1.74384,1.74464,1.74359,1.75280,0
07,10,19,22:30:00,   1.72,  10.3,  390.64,   6.111,  292.81,   6.914,1.74418,1.74493,1.74355,1.75260,0
07,10,19,22:45:00,   1.76,  10.3,  395.00,   5.869,  295.22,   5.127,1.74397,1.74455,1.74384,1.75285,0
07,10,19,23:00:00,   1.78,  10.2,  393.10,   4.515,  292.29,   5.567,1.74393,1.74484,1.74351,1.75280,0
07,10,19,23:15:00,   1.89,  10.2,  401.88,   6.928,  294.58,   5.383,1.74401,1.74418,1.74389,1.75297,0
07,10,19,23:30:00,   1.97,  10.3,  407.79,   7.012,  295.84,   6.420,1.74422,1.74389,1.74435,1.75297,0
07,10,19,23:45:00,   1.91,  10.3,  405.77,   6.851,  297.45,   4.321,1.74447,1.74422,1.74418,1.75293,0
07,11,19,00:00:00,   1.87,  10.3,  401.84,   4.905,  295.86,   7.259,1.74414,1.74443,1.74414,1.75314,0
07,11,19,00:15:00,   1.96,  10.2,  408.40,   6.206,  297.24,   7.437,1.74439,1.74393,1.74393,1.75305,0
07,11,19,00:30:00,   2.09,  10.1,  414.25,   6.668,  295.75,   5.447,1.74439,1.74393,1.74397,1.75285,0
07,11,19,00:45:00,   2.03,  10.2,  414.72,   5.571,  299.48,   4.526,1.74422,1.74360,1.74418,1.75280,0
07,11,19,01:00:00,   2.11,  10.4,  418.71,   6.871,  298.98,   9.137,1.74484,1.74355,1.74443,1.75310,0
07,11,19,01:15:00,   2.02,  10.6,  416.40,   6.246,  301.67,   6.183,1.74484,1.74376,1.74480,1.75289,0
07,11,19,01:30:00,   2.08,  10.8,  420.88,   7.428,  302.67,   4.564,1.74535,1.74339,1.74514,1.75285,0
07,11,19,01:45:00,   2.21,  10.8,  424.59,   7.060,  298.90,   6.575,1.74501,1.74322,1.74501,1.75310,0
07,11,19,02:00:00,   2.18,  11.0,  425.11,   6.619,  301.40,   7.619,1.74539,1.74318,1.74526,1.75301,0
07,11,19,02:15:00,   2.18,  11.0,  426.37,   7.083,  302.46,   4.031,1.74526,1.74268,1.74547,1.75297,0
07,11,19,02:30:00,   2.28,  11.1,  430.20,   7.760,  300.97,   6.983,1.74551,1.74264,1.74535,1.75297,0
07,11,19,02:45:00,   2.20,  11.2,  429.21,   6.455,  304.41,   7.444,1.74572,1.74297,1.74564,1.75301,0
07,11,19,03:00:00,   2.27,  11.2,  430.15,   6.607,  301.08,   6.015,1.74568,1.74259,1.74530,1.75293,0
07,11,19,03:15:00,   2.28,  11.3,  434.16,   7.853,  304.72,   7.811,1.74580,1.74239,1.74518,1.75239,0
07,11,19,03:30:00,   2.21,  11.3,  429.01,   8.236,  303.63,   7.091,1.74564,1.74276,1.74572,1.75289,0
07,11,19,03:45:00,   2.34,  11.1,  434.11,   8.560,  301.47,   7.225,1.74564,1.74268,1.74547,1.75297,0
07,11,19,04:00:00,   2.49,  11.0,  442.86,   7.122,  301.56,   7.005,1.74564,1.74180,1.74522,1.75318,0
07,11,19,04:15:00,   2.45,  11.1,  443.60,   9.258,  304.58,   6.940,1.74589,1.74184,1.74555,1.75276,0
07,11,19,04:30:00,   2.39,  11.3,  441.30,   8.081,  305.43,   6.915,1.74593,1.74193,1.74601,1.75285,0
07,11,19,04:45:00,   2.49,  11.5,  444.65,   7.918,  303.39,   7.538,1.74614,1.74180,1.74593,1.75314,0
07,11,19,05:00:00,   2.45,  11.5,  444.18,   7.162,  305.33,   6.381,1.74622,1.74197,1.74601,1.75289,0
07,11,19,05:15:00,   2.44,  11.7,  444.27,   9.336,  305.75,   3.410,1.74614,1.74172,1.74614,1.75247,0
07,11,19,05:30:00,   2.39,  11.7,  441.01,   6.245,  305.22,   6.475,1.74593,1.74201,1.74601,1.75276,0
07,11,19,05:45:00,   2.44,  11.6,  444.56,   7.477,  305.84,   5.316,1.74622,1.74164,1.74614,1.75264,0
07,11,19,06:00:00,   2.47,  11.6,  448.71,   9.974,  308.60,   8.768,1.74626,1.74147,1.74610,1.75264,0
07,11,19,06:15:00,   2.56,  11.6,  451.20,   7.984,  305.65,   7.139,1.74622,1.74134,1.74626,1.75318,0
07,11,19,06:30:00,   2.50,  11.6,  448.73,   9.683,  306.51,   9.156,1.74639,1.74159,1.74618,1.75314,0
07,11,19,06:45:00,   2.46,  11.6,  442.62,   9.098,  303.23,   8.460,1.74655,1.74209,1.74601,1.75318,0
07,11,19,07:00:00,   2.52,  11.5,  445.18,  12.531,  301.93,   6.806,1.74643,1.74159,1.74597,1.75318,0
07,11,19,07:15:00,   2.53,  11.5,  444.52,   9.395,  300.72,   8.700,1.74639,1.74209,1.74610,1.75322,0
07,11,19,07:30:00,   2.45,  11.4,  440.37,   5.266,  301.06,   8.295,1.74626,1.74218,1.74585,1.75339,0
07,11,19,07:45:00,   2.58,  11.8,  448.85,  10.117,  302.53,   7.382,1.74680,1.74130,1.74643,1.75339,0
07,11,19,08:00:00,   2.43,  12.3,  441.35,   7.090,  303.47,   6.525,1.74685,1.74193,1.74647,1.75285,0
07,11,19,08:15:00,   2.20,  13.6,  425.92,   7.468,  300.77,   7.715,1.74693,1.74130,1.74685,1.75214,0
07,11,19,08:30:00,   2.11,  16.4,  410.93,   6.738,  290.88,   7.085,1.74801,1.74101,1.74772,1.75068,0
07,11,19,08:45:00,   2.07,  20.6,  403.59,   7.315,  286.12,   4.223,1.75222,1.74093,1.75164,1.75026,0
07,11,19,09:00:00,   2.00,  24.9,  408.14,   4.558,  294.69,   4.150,1.75643,1.74097,1.75626,1.74918,0
07,11,19,09:15:00,   1.62,  25.7,  400.04,   3.313,  308.15,   6.670,1.75751,1.74209,1.75747,1.74943,0
07,11,19,09:30:00,   1.64,  26.1,  392.81,   7.075,  299.58,   3.860,1.75768,1.74205,1.75743,1.74951,0
07,11,19,09:45:00,   1.76,  25.1,  393.14,   7.497,  293.46,   4.791,1.75643,1.74201,1.75630,1.74972,0
07,11,19,10:00:00,   1.73,  25.6,  382.03,   4.567,  283.88,   5.938,1.75685,1.74276,1.75680,1.75085,0
07,11,19,10:15:00,   1.46,  28.6,  364.26,   6.171,  281.58,   7.123,1.75835,1.74176,1.75785,1.74893,0
07,11,19,10:30:00,   1.43,  31.0,  368.95,   3.637,  287.87,   3.786,1.76047,1.74180,1.76001,1.74789,0
07,11,19,10:45:00,   1.48,  32.2,  367.88,   2.831,  283.73,   4.829,1.76072,1.74093,1.76080,1.74810,0
07,11,19,11:00:00,   1.41,  33.2,  368.74,   3.548,  288.65,   3.856,1.76201,1.74130,1.76193,1.74760,0
07,11,19,11:15:33,  -0.00,  -0.0,   -0.00,  -0.000,   -0.00,  -0.000,2
07,11,19,11:30:00,   1.38,  32.2,  365.59,   5.258,  287.24,   2.329,1.76122,1.74126,1.76126,1.74785,0
07,11,19,11:45:00,   1.51,  30.9,  371.29,   2.562,  285.40,   3.933,1.75972,1.74139,1.76018,1.74830,0
07,11,19,12:00:00,   1.42,  29.4,  362.44,   4.664,  281.74,   4.213,1.75880,1.74205,1.75860,1.74860,0
07,11,19,12:15:00,   1.16,  28.8,  344.72,   1.540,  279.01,   5.216,1.75851,1.74401,1.75855,1.74901,0
07,11,19,12:30:00,   1.25,  28.9,  349.19,   3.347,  277.98,   2.217,1.75872,1.74368,1.75876,1.74918,0
07,11,19,12:45:00,   1.32,  28.1,  349.08,   3.332,  274.10,   3.426,1.75780,1.74347,1.75785,1.74951,0
07,11,19,13:00:00,   1.18,  28.2,  343.34,   3.336,  276.31,   5.222,1.75805,1.74426,1.75830,1.75001,0
07,11,19,13:15:00,   1.43,  29.0,  351.92,   4.975,  270.88,   3.432,1.75893,1.74330,1.75847,1.74964,0
07,11,19,13:30:00,   1.28,  29.1,  347.46,   3.990,  274.70,   5.442,1.75910,1.74351,1.75889,1.75010,0
07,11,19,13:45:00,   1.21,  29.2,  346.49,   5.152,  278.02,   6.632,1.75918,1.74355,1.75872,1.74939,0
07,11,19,14:00:00,   1.30,  29.0,  348.43,   4.951,  274.81,   4.972,1.75880,1.74368,1.75905,1.74980,0
07,11,19,14:15:00,   1.30,  27.8,  349.66,   2.688,  275.98,   4.720,1.75772,1.74376,1.75839,1.74964,0
07,11,19,14:30:00,   1.32,  26.5,  347.30,   2.692,  272.61,   2.121,1.75614,1.74360,1.75643,1.74985,0
07,11,19,14:45:00,   1.30,  25.3,  348.57,   4.235,  275.01,   2.786,1.75551,1.74389,1.75514,1.74972,0
07,11,19,15:00:00,   1.32,  24.2,  355.09,   5.948,  280.15,   4.247,1.75401,1.74359,1.75418,1.74926,0
07,11,19,15:15:00,   1.52,  23.2,  362.36,   5.234,  276.11,   3.942,1.75326,1.74330,1.75335,1.75005,0
07,11,19,15:30:00,   1.48,  22.3,  362.98,   4.780,  278.74,   4.002,1.75276,1.74347,1.75255,1.75005,0
07,11,19,15:45:00,   1.49,  21.8,  362.42,   2.633,  277.65,   5.431,1.75297,1.74422,1.75276,1.75076,0
07,11,19,16:00:00,   1.51,  21.7,  369.71,   5.526,  283.96,   5.514,1.75297,1.74360,1.75310,1.75076,0
07,11,19,16:15:00,   1.50,  21.3,  365.40,   4.437,  279.98,   4.785,1.75293,1.74414,1.75272,1.75089,0
07,11,19,16:30:00,   1.60,  20.8,  373.66,   5.160,  282.85,   5.615,1.75189,1.74318,1.75168,1.75047,0
07,11,19,16:45:00,   1.64,  20.3,  376.68,   6.535,  283.65,   7.122,1.75168,1.74301,1.75114,1.75072,0
07,11,19,17:00:00,   1.62,  20.2,  375.89,   5.413,  284.03,   2.902,1.75214,1.74347,1.75172,1.75097,0
07,11,19,17:15:00,   1.72,  20.1,  382.85,   7.711,  284.95,   6.803,1.75189,1.74314,1.75185,1.75097,0
07,11,19,17:30:00,   1.62,  19.6,  377.76,   7.063,  286.02,   5.678,1.75093,1.74314,1.75093,1.75030,0
07,11,19,17:45:00,   1.79,  18.9,  387.66,   6.244,  286.13,   5.742,1.75022,1.74251,1.75001,1.75064,0
07,11,19,18:00:00,   1.93,  18.2,  398.09,   7.908,  288.32,   6.110,1.74993,1.74201,1.74930,1.75039,0
07,11,19,18:15:00,   1.92,  17.7,  403.03,   7.512,  293.93,   5.936,1.74939,1.74155,1.74922,1.75035,0
07,11,19,18:30:00,   1.99,  17.2,  406.92,   5.799,  293.90,   4.845,1.74885,1.74176,1.74876,1.75064,0
07,11,19,18:45:00,   1.98,  16.6,  405.98,   6.007,  293.69,   5.035,1.74843,1.74155,1.74864,1.75085,0
07,11,19,19:00:00,   2.08,  16.3,  415.84,   8.309,  297.51,   5.504,1.74843,1.74118,1.74818,1.75059,0
07,11,19,19:15:00,   2.21,  16.0,  422.58,   8.080,  297.03,   4.533,1.74830,1.74089,1.74810,1.75051,0
07,11,19,19:30:00,   2.25,  15.9,  427.68,   8.232,  299.76,   7.070,1.74822,1.74047,1.74789,1.75085,0
07,11,19,19:45:00,   2.45,  15.8,  439.34,   9.125,  300.01,   5.653,1.74885,1.74018,1.74830,1.75089,0
07,11,19,20:00:00,   2.35,  15.7,  434.34,   7.289,  301.18,   7.497,1.74847,1.74039,1.74835,1.75110,0
07,11,19,20:15:00,   2.36,  15.5,  438.46,   9.232,  304.61,   6.167,1.74860,1.74005,1.74855,1.75105,0
07,11,19,20:30:00,   2.43,  15.3,  438.18,   8.384,  300.25,   6.613,1.74797,1.74014,1.74764,1.75097,0
07,11,19,20:45:00,   2.32,  15.1,  434.72,   7.247,  303.05,   6.689,1.74785,1.74072,1.74780,1.75135,0
07,11,19,21:00:00,   2.45,  14.9,  439.11,   9.069,  300.12,   7.771,1.74780,1.74026,1.74722,1.75130,0
07,11,19,21:15:00,   2.53,  14.8,  448.33,   7.502,  304.67,   6.332,1.74797,1.74005,1.74772,1.75114,0
07,11,19,21:30:00,   2.58,  14.8,  450.39,   5.135,  304.03,   6.979,1.74780,1.73984,1.74760,1.75118,0
07,11,19,21:45:00,   2.54,  14.7,  448.97,   9.511,  304.77,   7.204,1.74785,1.73989,1.74747,1.75101,0
07,11,19,22:00:00,   2.55,  14.6,  448.88,   8.491,  304.29,   6.364,1.74780,1.73993,1.74751,1.75139,0
07,11,19,22:15:00,   2.62,  14.5,  454.45,   8.097,  305.56,   7.581,1.74780,1.73955,1.74747,1.75110,0
07,11,19,22:30:00,   2.55,  14.4,  451.96,   8.117,  307.02,   9.999,1.74726,1.73947,1.74726,1.75135,0
07,11,19,22:45:00,   2.76,  14.2,  461.66,  12.241,  304.82,   7.358,1.74789,1.73897,1.74718,1.75122,0
07,11,19,23:00:00,   2.74,  14.1,  462.53,  10.248,  307.05,   7.153,1.74751,1.73901,1.74722,1.75126,0
07,11,19,23:15:00,   2.90,  14.0,  471.89,   7.873,  307.40,   7.657,1.74755,1.73864,1.74705,1.75122,0
07,11,19,23:30:00,   2.84,  14.0,  473.34,   9.711,  311.92,   8.044,1.74747,1.73830,1.74714,1.75101,0
07,11,19,23:45:00,   2.85,  14.0,  471.39,  10.827,  309.45,   9.543,1.74726,1.73855,1.74693,1.75143,0
07,12,19,00:00:00,   2.79,  13.9,  466.31,  10.889,  308.13,   8.750,1.74747,1.73876,1.74685,1.75122,0
07,12,19,00:15:00,   2.77,  13.8,  469.55,   7.012,  312.29,   6.983,1.74747,1.73897,1.74705,1.75122,0
07,12,19,00:30:00,   2.81,  13.7,  470.44,   6.690,  310.93,   7.204,1.74726,1.73889,1.74693,1.75118,0
07,12,19,00:45:00,   2.84,  13.6,  470.15,   9.270,  309.08,   8.648,1.74701,1.73872,1.74701,1.75151,0
07,12,19,01:00:00,   2.96,  13.6,  477.00,   9.794,  309.02,  10.255,1.74714,1.73839,1.74680,1.75151,0
07,12,19,01:15:00,   2.81,  13.5,  473.96,   9.885,  314.34,   8.831,1.74726,1.73872,1.74689,1.75130,0
07,12,19,01:30:00,   3.02,  13.4,  485.56,  10.117,  314.18,   8.269,1.74709,1.73772,1.74680,1.75105,0
07,12,19,01:45:00,   2.95,  13.4,  482.40,  11.165,  314.99,   9.530,1.74722,1.73809,1.74701,1.75151,0
07,12,19,02:00:00,   3.05,  13.4,  483.54,   9.809,  310.36,   9.377,1.74722,1.73805,1.74685,1.75139,0
07,12,19,02:15:00,   3.00,  13.3,  483.12,   9.609,  312.87,   6.504,1.74743,1.73814,1.74668,1.75118,0
07,12,19,02:30:00,   2.97,  13.3,  482.42,   9.256,  313.97,   8.573,1.74726,1.73805,1.74689,1.75176,0
07,12,19,02:45:00,   3.06,  13.3,  486.37,   6.227,  312.36,  10.104,1.74714,1.73805,1.74685,1.75151,0
07,12,19,03:00:00,   3.17,  13.3,  495.62,   8.934,  315.75,  10.065,1.74726,1.73718,1.74705,1.75135,0
07,12,19,03:15:00,   3.22,  13.4,  499.37,   8.971,  316.53,  10.178,1.74726,1.73718,1.74693,1.75143,0
07,12,19,03:30:00,   3.15,  13.4,  495.45,  10.163,  316.83,   7.792,1.74734,1.73734,1.74714,1.75147,0
07,12,19,03:45:00,   3.25,  13.3,  500.30,   7.632,  315.81,   8.525,1.74697,1.73676,1.74722,1.75160,0
07,12,19,04:00:00,   3.31,  13.3,  504.27,  10.611,  316.52,   9.591,1.74751,1.73680,1.74693,1.75160,0
07,12,19,04:15:00,   3.11,  13.3,  495.00,   9.362,  318.45,   6.610,1.74734,1.73797,1.74734,1.75114,0
07,12,19,04:30:00,   3.20,  13.3,  496.98,   8.697,  315.41,   8.231,1.74726,1.73730,1.74697,1.75155,0
07,12,19,04:45:00,   3.23,  13.2,  500.29,   8.304,  316.89,   7.277,1.74730,1.73718,1.74718,1.75139,0
07,12,19,05:00:00,   3.16,  13.1,  497.04,   9.030,  317.67,   7.895,1.74714,1.73730,1.74701,1.75143,0
07,12,19,05:15:00,   3.17,  13.0,  497.23,   9.588,  317.02,  10.133,1.74709,1.73743,1.74672,1.75160,0
07,12,19,05:30:00,   3.22,  13.0,  497.25,  11.020,  314.57,  10.718,1.74705,1.73722,1.74680,1.75176,0
07,12,19,05:45:00,   3.34,  12.9,  507.73,   8.879,  318.32,  10.987,1.74697,1.73676,1.74664,1.75160,0
07,12,19,06:00:00,   3.28,  12.9,  503.14,  11.392,  316.96,  11.158,1.74701,1.73664,1.74664,1.75164,0
07,12,19,06:15:00,   3.33,  12.9,  507.11,   8.746,  318.04,   9.230,1.74680,1.73672,1.74676,1.75147,0
07,12,19,06:30:00,   3.43,  12.9,  513.51,   7.647,  318.76,   9.654,1.74697,1.73634,1.74705,1.75139,0
07,12,19,06:45:00,   3.37,  13.0,  509.75,  10.427,  318.18,  10.593,1.74735,1.73693,1.74689,1.75155,0
07,12,19,07:00:00,   3.38,  13.2,  511.74,  10.185,  319.67,   9.271,1.74743,1.73639,1.74722,1.75164,0
07,12,19,07:15:00,   3.31,  13.3,  507.08,  10.174,  319.42,   7.728,1.74726,1.73684,1.74751,1.75164,0
07,12,19,07:30:00,   3.34,  13.4,  504.43,  11.682,  314.98,   8.406,1.74789,1.73709,1.74747,1.75180,0
07,12,19,07:45:00,   3.40,  13.6,  510.72,  11.298,  317.73,   7.946,1.74789,1.73659,1.74768,1.75155,0
07,12,19,08:00:00,   3.30,  14.2,  503.10,   9.006,  315.67,   9.699,1.74851,1.73705,1.74801,1.75164,0
07,12,19,08:15:00,   3.33,  14.7,  502.81,   9.745,  313.99,   9.277,1.74864,1.73651,1.74810,1.75160,0
07,12,19,08:30:00,   3.29,  15.2,  504.39,   7.560,  317.54,  11.222,1.74876,1.73651,1.74864,1.75147,0
07,12,19,08:45:00,   3.10,  15.5,  489.71,  10.387,  313.61,   8.611,1.74935,1.73726,1.74905,1.75122,0
07,12,19,09:00:00,   3.03,  15.8,  483.52,   9.349,  311.47,   6.489,1.74968,1.73793,1.74914,1.75101,0
07,12,19,09:15:00,   2.96,  16.0,  477.49,   7.540,  309.63,   5.173,1.74964,1.73830,1.74951,1.75130,0
07,12,19,09:30:00,   2.82,  16.4,  468.23,   6.615,  308.21,   6.834,1.74993,1.73868,1.74943,1.75101,0
07,12,19,09:45:00,   2.83,  16.8,  467.00,   9.846,  306.31,  10.999,1.75039,1.73855,1.74964,1.75134,0
07,12,19,10:00:00,   2.66,  17.6,  450.89,   8.085,  299.90,  10.995,1.75047,1.73905,1.74993,1.75114,0
07,12,19,10:15:00,   2.57,  18.2,  447.32,   5.759,  301.46,   7.285,1.75114,1.73980,1.75089,1.75122,0
07,12,19,10:30:00,   2.46,  19.2,  438.01,   8.363,  298.45,   7.646,1.75118,1.73926,1.75155,1.75114,0
07,12,19,10:45:00,   2.29,  20.7,  430.84,   6.478,  301.09,   6.766,1.75280,1.74001,1.75272,1.75039,0
07,12,19,11:00:00,   2.29,  21.6,  428.41,   7.102,  298.37,   6.438,1.75343,1.74001,1.75339,1.75022,0
07,12,19,11:15:00,   2.22,  21.4,  425.88,   6.565,  299.62,   5.464,1.75364,1.74043,1.75318,1.75055,0
07,12,19,11:20:43,  -0.00,  -0.0,   -0.00,  -0.000,   -0.00,  -0.000,2
07,12,19,11:23:39,  -0.00,  -0.0,   -0.00,  -0.000,   -0.00,  -0.000,2
07,12,19,11:30:00,   2.17,  22.4,  421.25,   9.384,  297.98,   6.071,1.75472,1.74043,1.75401,1.75018,0
07,12,19,11:45:00,   1.99,  21.7,  413.14,   6.615,  299.92,   5.488,1.75414,1.74172,1.75389,1.75043,0
07,12,19,12:00:00,   3.41,  22.3,  489.32,   6.758,  295.86,   3.999,1.75447,1.73605,1.75447,1.75068,0
07,12,19,12:15:00,   3.12,  22.7,  483.69,   9.959,  306.60,   9.601,1.75514,1.73643,1.75501,1.75064,0
07,12,19,12:30:00,   2.99,  23.2,  473.35,   6.747,  303.62,   9.907,1.75518,1.73701,1.75468,1.75005,0
07,12,19,12:40:00,  -0.00,  -0.0,   -0.00,  -0.000,   -0.00,  -0.000,2
07,12,19,12:45:00,   1.55,  23.7,  385.09,   5.531,  296.82,   7.254,1.75585,1.74301,1.75501,1.75010,0
07,12,19,12:50:00,   1.58,  24.0,  380.11,   4.239,  290.55,   4.095,1.75576,1.74334,1.75560,1.75035,0
07,12,19,12:55:00,   1.53,  24.0,  378.66,   4.282,  291.67,   2.775,1.75614,1.74372,1.75585,1.75030,0
07,12,19,13:00:00,   1.49,  24.0,  373.37,   7.101,  288.95,   5.712,1.75597,1.74355,1.75593,1.75085,0
07,12,19,13:05:00,   2.57,  24.1,  434.35,   7.696,  288.39,   5.613,1.75589,1.73901,1.75585,1.75085,0
07,12,19,13:10:00,   2.99,  24.2,  463.53,   7.802,  294.01,   7.691,1.75614,1.73739,1.75589,1.75039,0
07,12,19,13:15:00,   2.90,  24.3,  459.45,   7.114,  294.67,   7.065,1.75647,1.73797,1.75610,1.75039,0
07,12,19,13:20:00,   2.72,  24.1,  455.00,   8.702,  300.52,  10.259,1.75647,1.73818,1.75610,1.75039,0
07,12,19,13:25:00,   2.70,  24.0,  449.81,   9.122,  296.41,   7.835,1.75610,1.73809,1.75576,1.75051,0
07,12,19,13:30:00,   2.68,  24.0,  450.00,   6.037,  297.61,   6.794,1.75635,1.73859,1.75630,1.75072,0
07,12,19,13:35:00,   2.86,  24.3,  452.90,   9.309,  290.34,   8.715,1.75643,1.73818,1.75618,1.75064,0
07,12,19,13:40:00,   2.63,  24.4,  444.33,   9.101,  294.86,   6.885,1.75643,1.73864,1.75647,1.75059,0
07,12,19,13:45:00,   2.56,  24.5,  442.47,   5.246,  297.35,   8.248,1.75601,1.73847,1.75622,1.75055,0
07,12,19,13:50:00,   2.66,  24.9,  440.40,   8.842,  289.51,   5.741,1.75672,1.73851,1.75635,1.75039,0
07,12,19,13:55:00,   2.62,  24.9,  441.89,   5.143,  293.11,   8.113,1.75660,1.73876,1.75655,1.75043,0
07,12,19,14:00:00,   2.55,  25.1,  435.10,   7.539,  290.41,   6.590,1.75685,1.73939,1.75647,1.75026,0
07,12,19,14:05:00,   2.58,  25.2,  441.10,   9.310,  294.45,   6.181,1.75705,1.73884,1.75651,1.75018,0
07,12,19,14:10:00,   2.41,  25.1,  432.25,   8.141,  295.44,   4.408,1.75710,1.73959,1.75680,1.75010,0
07,12,19,14:15:00,   2.38,  25.0,  427.46,   6.082,  292.54,   6.552,1.75693,1.73984,1.75643,1.75043,0
07,12,19,14:20:00,   2.53,  25.1,  433.21,   9.259,  289.34,   8.984,1.75718,1.73980,1.75672,1.75097,0
07,12,19,14:25:00,   2.53,  25.0,  439.17,   7.104,  295.74,   6.533,1.75689,1.73905,1.75664,1.75055,0
07,12,19,14:30:00,   2.40,  24.9,  428.39,   7.385,  292.12,   6.624,1.75705,1.74022,1.75680,1.75064,0
07,12,19,14:35:00,   2.48,  24.9,  432.73,   6.673,  291.94,   7.797,1.75697,1.73984,1.75672,1.75064,0
07,12,19,14:40:00,   2.45,  24.8,  429.27,   7.661,  290.28,   6.751,1.75697,1.74001,1.75651,1.75051,0
07,12,19,14:45:00,   2.30,  24.7,  423.92,   8.655,  293.46,   6.046,1.75668,1.74018,1.75651,1.75064,0
07,12,19,14:50:00,   2.40,  24.6,  427.82,   7.385,  291.69,   4.633,1.75701,1.74026,1.75676,1.75089,0
07,12,19,14:55:00,   2.38,  24.7,  425.20,   7.252,  289.96,   5.995,1.75672,1.74039,1.75635,1.75093,0
07,12,19,15:00:00,   2.26,  24.7,  418.48,   7.013,  290.31,   6.603,1.75685,1.74068,1.75685,1.75130,0
07,12,19,15:05:00,   2.25,  24.7,  418.85,   4.530,  291.17,   7.240,1.75668,1.74076,1.75689,1.75089,0
07,12,19,15:10:00,   2.25,  24.7,  419.22,   6.294,  291.42,   7.375,1.75685,1.74089,1.75668,1.75110,0
07,12,19,15:15:00,   2.66,  24.6,  441.29,   8.504,  290.26,   3.592,1.75680,1.73893,1.75689,1.75105,0
07,12,19,15:20:00,   2.47,  24.5,  432.24,  10.333,  292.09,   5.352,1.75672,1.73976,1.75664,1.75101,0
07,12,19,15:25:00,   2.44,  24.4,  433.06,   5.244,  294.34,   5.834,1.75647,1.73997,1.75672,1.75072,0
07,12,19,15:30:00,   2.35,  24.4,  427.07,   7.472,  293.55,   8.744,1.75664,1.74035,1.75639,1.75105,0
07,12,19,15:35:00,   2.52,  24.2,  437.31,   6.653,  294.12,   7.079,1.75639,1.73943,1.75655,1.75080,0
07,12,19,15:40:00,   2.49,  24.1,  433.65,   5.829,  292.17,   6.452,1.75610,1.73980,1.75639,1.75080,0
07,12,19,15:45:00,   2.38,  23.9,  427.92,   6.286,  292.66,   7.324,1.75589,1.73997,1.75610,1.75093,0
07,12,19,15:50:00,   2.28,  23.8,  417.31,   7.826,  287.77,   5.875,1.75560,1.74051,1.75585,1.75093,0
07,12,19,15:55:00,   2.36,  23.6,  423.87,   8.251,  289.82,   7.713,1.75564,1.74051,1.75551,1.75135,0
07,12,19,16:00:00,   2.35,  23.3,  422.85,   9.402,  289.51,   9.035,1.75535,1.74022,1.75480,1.75080,0
07,12,19,16:05:00,   1.94,  23.1,  397.79,   5.780,  287.93,   5.107,1.75485,1.74251,1.75480,1.75085,0
07,12,19,16:10:00,   1.62,  22.8,  377.82,   9.220,  285.94,   5.940,1.75464,1.74376,1.75476,1.75122,0
07,12,19,16:15:00,   1.49,  22.6,  370.10,   1.975,  285.42,   5.646,1.75443,1.74447,1.75451,1.75118,0
07,12,19,16:19:55,  -0.00,  -0.0,   -0.00,  -0.000,   -0.00,  -0.000,2
07,12,19,16:21:05,  -0.00,  -0.0,   -0.00,  -0.000,   -0.00,  -0.000,2
07,12,19,16:21:09,  -0.00,  -0.0,   -0.00,  -0.000,   -0.00,  -0.000,2
07,12,19,16:22:16,  -0.00,  -0.0,   -0.00,  -0.000,   -0.00,  -0.000,1
07,12,19,16:30:00,   1.54,  21.5,  372.16,   6.333,  284.51,   2.779,1.75318,1.74405,1.75314,1.75076,0
07,12,19,16:45:00,   1.77,  20.8,  387.70,   4.717,  287.40,   3.935,1.75276,1.74297,1.75264,1.75089,0
07,12,19,17:00:00,   1.67,  20.0,  380.81,   5.290,  286.16,   4.707,1.75189,1.74351,1.75151,1.75085,0
07,12,19,17:15:00,   1.71,  19.4,  385.72,   6.531,  288.91,   6.362,1.75143,1.74343,1.75122,1.75105,0
07,12,19,17:30:00,   1.72,  18.8,  390.35,  10.414,  292.48,   3.627,1.75101,1.74297,1.75110,1.75105,0
07,12,19,17:45:00,   1.83,  18.0,  396.41,   5.997,  292.56,   4.434,1.75005,1.74268,1.74976,1.75080,0
07,12,19,18:00:00,   1.79,  17.3,  394.72,   4.002,  292.89,   4.258,1.74910,1.74260,1.74939,1.75110,0
07,12,19,18:15:00,   2.03,  16.4,  409.02,   8.946,  293.53,   4.370,1.74905,1.74193,1.74868,1.75101,0
07,12,19,18:30:00,   1.99,  15.8,  406.61,   4.993,  293.38,   5.046,1.74822,1.74230,1.74768,1.75089,0
07,12,19,18:45:00,   1.96,  15.2,  407.50,   7.890,  296.23,   6.319,1.74772,1.74218,1.74776,1.75126,0
07,12,19,19:00:00,   2.15,  14.9,  419.71,   8.476,  297.56,   5.765,1.74764,1.74155,1.74743,1.75143,0
07,12,19,19:15:00,   2.11,  14.6,  418.40,   8.918,  298.74,   6.524,1.74760,1.74189,1.74743,1.75151,0
07,12,19,19:30:00,   2.22,  14.3,  426.31,   7.962,  300.16,   5.354,1.74747,1.74180,1.74739,1.75151,0
07,12,19,19:45:00,   2.18,  14.2,  424.44,   8.025,  300.67,   8.242,1.74734,1.74164,1.74660,1.75139,0
07,12,19,20:00:00,   2.17,  14.0,  425.19,   6.481,  301.86,   5.929,1.74734,1.74184,1.74705,1.75164,0
07,12,19,20:15:00,   2.29,  13.9,  432.13,   7.232,  302.21,   6.522,1.74739,1.74172,1.74739,1.75176,0
07,12,19,20:30:00,   2.32,  13.8,  435.08,   8.081,  303.45,   5.616,1.74709,1.74126,1.74714,1.75176,0
07,12,19,20:45:00,   2.36,  13.8,  440.57,   6.831,  306.60,   6.723,1.74714,1.74080,1.74730,1.75168,0
07,12,19,21:00:00,   2.34,  13.8,  437.16,   5.969,  304.37,   6.384,1.74734,1.74122,1.74714,1.75172,0
07,12,19,21:15:00,   2.37,  13.7,  437.90,   7.069,  303.56,   5.883,1.74739,1.74122,1.74714,1.75197,0
07,12,19,21:30:00,   2.45,  13.6,  445.93,   7.307,  306.66,   6.234,1.74768,1.74097,1.74722,1.75180,0
07,12,19,21:45:00,   2.54,  13.5,  451.57,   9.970,  307.16,   4.699,1.74747,1.74030,1.74726,1.75180,0
07,12,19,22:00:00,   2.53,  13.5,  451.49,   7.427,  307.86,   6.927,1.74734,1.74055,1.74730,1.75193,0
07,12,19,22:15:00,   2.41,  13.5,  448.28,   7.839,  311.20,   8.427,1.74734,1.74055,1.74705,1.75160,0
07,12,19,22:30:00,   2.53,  13.5,  453.47,   8.521,  309.75,   6.826,1.74747,1.74026,1.74714,1.75164,0
07,12,19,22:45:00,   2.68,  13.5,  464.38,  10.515,  312.02,   7.209,1.74780,1.73980,1.74730,1.75185,0
07,12,19,23:00:00,   2.72,  13.6,  466.66,   9.926,  312.17,   6.716,1.74780,1.73947,1.74734,1.75176,0
07,12,19,23:15:00,   2.72,  13.5,  465.74,   9.090,  311.18,   8.002,1.74785,1.73968,1.74709,1.75180,0
07,12,19,23:30:00,   2.65,  13.5,  462.94,   9.814,  312.59,  10.276,1.74797,1.73989,1.74739,1.75189,0
07,12,19,23:45:00,   2.54,  13.4,  455.70,   7.004,  311.40,   7.647,1.74760,1.74072,1.74722,1.75189,0
07,13,19,00:00:00,   2.56,  13.4,  461.40,   8.190,  316.04,   7.773,1.74764,1.74001,1.74726,1.75180,0
07,13,19,00:15:00,   2.67,  13.4,  467.22,   7.320,  315.49,   7.342,1.74780,1.73968,1.74776,1.75168,0
07,13,19,00:30:00,   2.61,  13.5,  461.97,   9.132,  313.51,   6.288,1.74780,1.74001,1.74743,1.75180,0
07,13,19,00:45:00,   2.75,  13.5,  469.01,  11.108,  313.10,   7.074,1.74785,1.73939,1.74730,1.75176,0
07,13,19,01:00:00,   2.80,  13.4,  472.58,  10.057,  313.58,   7.237,1.74776,1.73943,1.74772,1.75180,0
07,13,19,01:15:00,   2.81,  13.4,  473.91,   9.650,  314.55,   7.672,1.74810,1.73951,1.74730,1.75168,0
07,13,19,01:30:00,   2.68,  13.3,  466.61,   8.582,  314.31,   9.126,1.74780,1.74005,1.74743,1.75197,0
07,13,19,01:45:00,   2.72,  13.3,  466.66,   9.414,  311.99,   7.723,1.74755,1.74001,1.74751,1.75222,0
07,13,19,02:00:00,   2.68,  13.2,  464.51,   7.863,  312.38,   7.432,1.74772,1.74018,1.74734,1.75193,0
07,13,19,02:15:00,   2.73,  13.2,  466.60,   8.854,  311.42,   7.931,1.74760,1.73984,1.74718,1.75201,0
07,13,19,02:30:00,   2.56,  13.2,  459.95,   7.686,  314.50,   8.634,1.74764,1.74030,1.74726,1.75180,0
07,13,19,02:45:00,   2.68,  13.1,  466.80,   8.235,  314.37,   7.453,1.74743,1.73989,1.74722,1.75176,0
07,13,19,03:00:00,   2.60,  13.1,  461.42,  10.972,  313.77,   5.237,1.74760,1.74014,1.74718,1.75176,0
07,13,19,03:15:00,   2.33,  12.8,  442.04,   7.575,  309.93,   6.743,1.74643,1.74139,1.74668,1.75176,0
07,13,19,03:30:00,   2.47,  12.6,  448.87,   7.037,  308.61,   7.987,1.74668,1.74093,1.74626,1.75180,0
07,13,19,03:45:00,   2.49,  12.5,  451.72,   9.838,  310.08,   7.323,1.74664,1.74068,1.74622,1.75193,0
07,13,19,04:00:00,   2.49,  12.6,  455.07,   7.322,  313.91,   6.799,1.74701,1.74059,1.74634,1.75160,0
07,13,19,04:15:00,   2.51,  12.6,  457.02,   9.078,  314.50,   8.616,1.74680,1.74026,1.74709,1.75222,0
07,13,19,04:30:00,   2.43,  12.6,  452.22,   6.902,  314.31,   6.090,1.74685,1.74084,1.74680,1.75189,0
07,13,19,04:45:00,   2.40,  12.6,  448.07,   8.113,  311.76,   7.890,1.74693,1.74130,1.74655,1.75193,0
07,13,19,05:00:00,   2.43,  12.5,  450.03,   9.077,  312.09,   7.002,1.74701,1.74101,1.74651,1.75197,0
07,13,19,05:15:00,   2.32,  12.4,  444.90,   7.163,  313.21,   7.556,1.74664,1.74147,1.74651,1.75197,0
07,13,19,05:30:00,   2.28,  12.2,  440.25,   4.791,  310.85,   7.549,1.74634,1.74189,1.74630,1.75185,0
07,13,19,05:45:00,   2.26,  12.1,  437.48,   6.996,  309.23,   4.475,1.74626,1.74218,1.74610,1.75201,0
07,13,19,06:00:00,   2.23,  11.9,  437.21,   6.784,  310.72,   7.103,1.74593,1.74176,1.74585,1.75210,0
07,13,19,06:15:00,   2.36,  11.9,  444.90,   8.625,  311.13,   7.263,1.74610,1.74143,1.74576,1.75185,0
07,13,19,06:30:00,   2.34,  12.0,  447.38,   6.960,  314.74,   5.304,1.74651,1.74139,1.74639,1.75185,0
07,13,19,06:45:00,   2.28,  12.2,  444.22,   9.129,  314.52,   4.818,1.74622,1.74147,1.74639,1.75185,0
07,13,19,07:00:00,   2.30,  12.4,  442.46,   6.807,  312.02,   7.902,1.74680,1.74184,1.74664,1.75218,0
07,13,19,07:15:00,   2.27,  12.5,  439.39,   8.205,  310.23,   7.867,1.74689,1.74193,1.74651,1.75218,0
07,13,19,07:30:00,   2.20,  12.7,  438.87,   7.941,  313.69,   6.894,1.74739,1.74209,1.74705,1.75197,0
07,13,19,07:45:00,   2.27,  13.0,  436.22,   5.888,  307.59,   8.325,1.74709,1.74222,1.74693,1.75222,0
07,13,19,08:00:00,   2.10,  13.4,  430.22,   6.175,  310.78,   4.321,1.74764,1.74264,1.74747,1.75197,0
07,13,19,08:15:00,   2.21,  13.7,  431.92,   4.978,  306.71,   5.875,1.74810,1.74243,1.74793,1.75247,0
07,13,19,08:30:00,   2.11,  13.9,  429.72,   7.029,  310.18,   5.722,1.74822,1.74247,1.74814,1.75205,0
07,13,19,08:45:00,   2.06,  14.3,  424.29,   6.988,  307.38,   8.221,1.74826,1.74259,1.74797,1.75197,0
07,13,19,09:00:00,   2.04,  14.7,  421.78,   3.511,  305.95,   6.845,1.74860,1.74289,1.74839,1.75214,0
07,13,19,09:15:00,   2.00,  14.9,  420.50,   4.752,  307.20,   3.605,1.74893,1.74293,1.74893,1.75180,0
07,13,19,09:30:00,   2.00,  15.2,  413.62,   3.099,  300.25,   4.819,1.74897,1.74322,1.74876,1.75172,0
07,13,19,09:45:00,   1.89,  15.6,  409.95,   6.497,  302.59,   5.719,1.74939,1.74334,1.74905,1.75189,0
07,13,19,10:00:00,   1.85,  16.0,  410.74,   8.075,  305.77,   5.000,1.74968,1.74322,1.74980,1.75189,0
07,13,19,10:15:00,   1.83,  16.0,  406.25,   7.181,  302.51,   6.770,1.74960,1.74351,1.74943,1.75210,0
07,13,19,10:30:00,   1.82,  16.2,  404.83,   5.456,  301.40,   5.689,1.74989,1.74393,1.74951,1.75197,0
07,13,19,10:45:00,   1.75,  16.6,  399.44,   6.346,  299.88,   5.577,1.75010,1.74384,1.74976,1.75193,0
07,13,19,11:00:00,   1.78,  17.8,  395.01,   6.493,  293.79,   6.018,1.75055,1.74368,1.75026,1.75118,0
07,13,19,11:15:00,   1.63,  18.2,  392.13,   3.882,  299.81,   6.362,1.75105,1.74380,1.75085,1.75110,0
07,13,19,11:30:00,   1.52,  18.1,  385.19,   5.578,  299.09,   5.750,1.75089,1.74414,1.75064,1.75122,0
07,13,19,11:45:00,   1.48,  17.9,  379.05,   3.470,  294.91,   3.779,1.75089,1.74472,1.75097,1.75176,0
07,13,19,12:00:00,   1.54,  18.6,  378.51,   4.776,  291.16,   5.039,1.75139,1.74464,1.75122,1.75168,0
07,13,19,12:15:00,   1.45,  18.7,  377.98,   2.103,  295.71,   5.616,1.75155,1.74518,1.75151,1.75155,0
07,13,19,12:30:00,   1.44,  19.1,  374.73,   6.831,  292.99,   5.838,1.75197,1.74484,1.75189,1.75176,0
07,13,19,12:45:00,   1.41,  19.3,  372.13,   4.289,  291.93,   4.300,1.75214,1.74514,1.75201,1.75130,0
07,13,19,13:00:00,   1.43,  19.0,  372.95,   2.279,  291.82,   3.484,1.75180,1.74530,1.75197,1.75176,0
07,13,19,13:15:00,   1.40,  19.2,  370.39,   7.520,  291.16,   3.798,1.75210,1.74514,1.75210,1.75189,0
07,13,19,13:30:00,   1.41,  19.1,  371.55,   5.175,  291.21,   4.753,1.75235,1.74576,1.75176,1.75155,0
07,13,19,13:45:00,   1.44,  19.6,  366.17,   3.290,  284.42,   6.061,1.75239,1.74551,1.75197,1.75180,0
07,13,19,14:00:00,   1.39,  19.8,  366.44,   4.798,  287.52,   5.498,1.75276,1.74572,1.75222,1.75180,0
07,13,19,14:15:00,   1.29,  19.8,  363.11,   6.657,  290.01,   3.414,1.75268,1.74584,1.75243,1.75135,0
07,13,19,14:30:00,   1.16,  19.2,  356.60,   3.140,  290.92,   3.558,1.75193,1.74630,1.75189,1.75155,0
07,13,19,14:45:00,   1.24,  19.0,  358.49,   4.728,  287.87,   5.375,1.75201,1.74639,1.75160,1.75218,0
07,13,19,15:00:00,   1.30,  19.0,  359.52,   3.325,  285.65,   4.579,1.75235,1.74672,1.75230,1.75255,0
07,13,19,15:15:00,   1.24,  19.5,  361.08,   5.579,  290.47,   2.776,1.75239,1.74634,1.75255,1.75205,0
07,13,19,15:30:00,   1.12,  19.7,  355.64,   4.015,  291.91,   5.505,1.75235,1.74610,1.75264,1.75197,0
07,13,19,15:45:00,   1.19,  19.8,  359.30,   4.815,  291.52,   4.344,1.75264,1.74618,1.75268,1.75193,0
07,13,19,16:00:00,   1.23,  19.5,  359.73,   6.197,  289.69,   3.837,1.75247,1.74614,1.75247,1.75164,0
07,13,19,16:15:00,   1.27,  19.1,  361.85,   6.633,  289.81,   2.156,1.75185,1.74593,1.75210,1.75176,0
07,13,19,16:30:00,   1.24,  18.4,  361.86,   4.397,  291.36,   5.437,1.75118,1.74580,1.75105,1.75160,0
07,13,19,16:45:00,   1.25,  17.8,  361.66,   5.763,  290.62,   2.240,1.75055,1.74597,1.75064,1.75176,0
07,13,19,17:00:00,   1.25,  17.1,  362.02,   5.205,  290.88,   4.673,1.74997,1.74589,1.74968,1.75180,0
07,13,19,17:15:00,   1.21,  16.5,  363.95,   3.824,  295.29,   4.426,1.74943,1.74618,1.74947,1.75130,0
07,13,19,17:30:00,   1.28,  16.0,  369.16,   4.417,  296.49,   3.759,1.74897,1.74555,1.74889,1.75143,0
07,13,19,17:45:00,   1.30,  15.6,  371.18,   4.217,  297.62,   5.468,1.74876,1.74584,1.74859,1.75164,0
07,13,19,18:00:00,   1.34,  15.0,  374.70,   4.357,  298.73,   3.728,1.74810,1.74547,1.74789,1.75160,0
07,13,19,18:15:00,   1.41,  14.6,  379.71,   3.950,  299.91,   3.353,1.74764,1.74514,1.74789,1.75164,0
07,13,19,18:30:00,   1.44,  14.3,  382.95,   5.913,  300.99,   3.356,1.74789,1.74514,1.74755,1.75164,0
07,13,19,18:45:00,   1.47,  14.1,  384.75,   7.233,  301.39,   4.442,1.74751,1.74493,1.74764,1.75155,0
07,13,19,19:00:00,   1.55,  13.9,  389.27,   5.524,  301.11,   5.163,1.74768,1.74493,1.74701,1.75164,0
07,13,19,19:15:00,   1.60,  13.8,  394.73,   5.400,  303.96,   5.810,1.74755,1.74451,1.74764,1.75218,0
07,13,19,19:30:00,   1.67,  13.6,  399.62,   5.857,  304.78,   5.074,1.74755,1.74439,1.74734,1.75201,0
07,13,19,19:45:00,   1.63,  13.5,  399.07,   6.723,  306.68,   5.902,1.74730,1.74422,1.74697,1.75176,0
07,13,19,20:00:00,   1.76,  13.4,  404.44,   7.063,  304.46,   4.839,1.74755,1.74401,1.74689,1.75185,0
07,13,19,20:15:00,   1.79,  13.3,  409.74,   4.937,  308.19,   6.154,1.74722,1.74368,1.74718,1.75197,0
07,13,19,20:30:00,   1.84,  13.3,  412.33,   7.278,  308.13,   6.287,1.74714,1.74360,1.74689,1.75197,0
07,13,19,20:45:00,   1.88,  13.3,  415.57,   4.083,  308.68,   5.681,1.74734,1.74339,1.74730,1.75205,0
07,13,19,21:00:00,   1.91,  13.3,  417.66,   5.159,  308.97,   5.771,1.74743,1.74326,1.74701,1.75189,0
07,13,19,21:15:00,   1.88,  13.2,  415.85,   5.199,  308.84,   4.604,1.74747,1.74364,1.74747,1.75201,0
07,13,19,21:30:00,   1.88,  13.2,  418.03,   7.357,  311.11,   7.393,1.74764,1.74355,1.74701,1.75197,0
07,13,19,21:45:00,   1.95,  13.1,  422.14,   6.070,  311.15,   4.960,1.74730,1.74326,1.74734,1.75185,0
07,13,19,22:00:00,   2.01,  13.1,  421.12,   6.567,  307.05,   6.164,1.74743,1.74309,1.74722,1.75226,0
07,13,19,22:15:00,   1.98,  13.0,  422.06,   5.816,  309.65,   6.680,1.74760,1.74322,1.74718,1.75210,0
07,13,19,22:30:00,   2.06,  13.0,  425.78,   8.386,  308.74,   6.708,1.74739,1.74276,1.74718,1.75218,0
07,13,19,22:45:00,   2.06,  13.0,  428.29,   7.830,  311.16,   7.097,1.74760,1.74255,1.74734,1.75239,0
07,13,19,23:00:00,   2.20,  13.0,  435.26,   7.917,  310.30,   7.448,1.74718,1.74218,1.74685,1.75205,0
07,13,19,23:15:00,   2.13,  12.9,  433.01,   8.786,  312.22,   7.225,1.74751,1.74218,1.74730,1.75230,0
07,13,19,23:30:00,   2.14,  12.9,  435.36,   9.820,  313.94,   4.676,1.74739,1.74226,1.74714,1.75168,0
07,13,19,23:45:00,   2.03,  12.9,  428.02,   7.231,  312.91,   5.738,1.74709,1.74268,1.74714,1.75201,0
07,14,19,00:00:00,   2.09,  12.8,  429.25,   4.616,  310.34,   6.760,1.74693,1.74268,1.74685,1.75189,0
07,14,19,00:15:00,   2.12,  12.7,  429.49,   6.994,  309.25,   7.447,1.74672,1.74259,1.74647,1.75210,0
07,14,19,00:30:00,   2.04,  12.5,  427.46,   6.579,  311.55,   8.037,1.74660,1.74272,1.74643,1.75205,0
07,14,19,00:45:00,   2.03,  12.4,  428.78,   6.599,  313.53,   4.079,1.74680,1.74272,1.74660,1.75172,0
07,14,19,01:00:00,   2.03,  12.2,  426.04,   8.079,  310.56,   6.843,1.74630,1.74264,1.74618,1.75164,0
07,14,19,01:15:00,   2.03,  12.1,  426.31,   8.999,  310.79,   5.780,1.74626,1.74255,1.74593,1.75189,0
07,14,19,01:30:00,   2.03,  12.0,  425.37,   5.801,  310.38,   4.994,1.74622,1.74305,1.74647,1.75218,0
07,14,19,01:45:00,   2.12,  12.0,  431.62,   4.813,  311.10,   4.287,1.74655,1.74272,1.74622,1.75193,0
07,14,19,02:00:00,   2.11,  12.1,  432.52,   7.577,  312.68,   6.442,1.74634,1.74247,1.74639,1.75210,0
07,14,19,02:15:00,   2.23,  12.1,  437.89,   7.378,  311.29,   6.462,1.74697,1.74247,1.74651,1.75210,0
07,14,19,02:30:00,   2.22,  12.2,  438.71,   5.926,  312.71,   7.230,1.74693,1.74230,1.74664,1.75218,0
07,14,19,02:45:00,   2.30,  12.2,  443.16,   7.920,  312.39,   6.905,1.74689,1.74201,1.74651,1.75210,0
07,14,19,03:00:00,   2.30,  12.3,  443.26,   6.637,  312.81,   4.581,1.74693,1.74197,1.74655,1.75197,0
07,14,19,03:15:00,   2.26,  12.4,  445.17,   5.216,  317.05,   6.060,1.74701,1.74180,1.74693,1.75180,0
07,14,19,03:30:00,   2.32,  12.5,  446.53,  10.172,  314.65,   6.584,1.74730,1.74143,1.74676,1.75214,0
07,14,19,03:45:00,   2.35,  12.5,  447.56,   6.091,  314.08,   6.574,1.74722,1.74189,1.74685,1.75205,0
07,14,19,04:00:00,   2.33,  12.6,  448.70,   5.550,  316.25,   6.506,1.74718,1.74164,1.74709,1.75218,0
07,14,19,04:15:00,   2.29,  12.6,  444.08,   5.731,  314.30,   6.193,1.74739,1.74197,1.74722,1.75222,0
07,14,19,04:30:00,   2.18,  12.7,  439.20,   5.072,  315.28,   7.691,1.74734,1.74251,1.74705,1.75201,0
07,14,19,04:45:00,   2.11,  12.7,  437.51,   8.512,  317.50,   5.384,1.74734,1.74222,1.74718,1.75201,0
07,14,19,05:00:00,   2.08,  12.6,  429.83,   7.185,  311.56,   4.998,1.74718,1.74280,1.74697,1.75210,0
07,14,19,05:15:00,   2.05,  12.5,  429.95,   4.806,  313.57,   8.316,1.74726,1.74305,1.74668,1.75226,0
07,14,19,05:30:00,   2.05,  12.5,  429.45,   7.319,  312.90,   4.741,1.74701,1.74301,1.74722,1.75210,0
07,14,19,05:45:00,   2.07,  12.5,  431.05,   4.202,  313.40,   4.696,1.74718,1.74297,1.74693,1.75205,0
07,14,19,06:00:00,   2.03,  12.4,  428.07,   8.469,  312.59,   7.151,1.74714,1.74297,1.74676,1.75214,0
07,14,19,06:15:00,   1.99,  12.4,  424.74,   7.135,  311.95,   5.732,1.74693,1.74305,1.74701,1.75239,0
07,14,19,06:30:00,   1.98,  12.4,  424.31,   7.192,  311.89,   3.764,1.74709,1.74318,1.74701,1.75230,0
07,14,19,06:45:00,   1.99,  12.5,  426.23,   8.670,  313.13,   5.303,1.74709,1.74289,1.74722,1.75243,0
07,14,19,07:00:00,   2.07,  12.6,  430.18,   6.476,  312.48,   8.882,1.74709,1.74276,1.74697,1.75226,0
07,14,19,07:15:00,   2.07,  12.8,  431.37,   6.492,  313.58,   6.542,1.74760,1.74301,1.74735,1.75230,0
07,14,19,07:30:00,   2.04,  13.0,  429.79,   6.062,  313.97,   3.941,1.74760,1.74280,1.74751,1.75201,0
07,14,19,07:45:00,   1.95,  13.2,  424.23,   5.059,  313.76,   6.231,1.74768,1.74343,1.74772,1.75222,0
07,14,19,08:00:00,   1.87,  13.2,  416.39,   5.707,  310.45,   5.033,1.74789,1.74405,1.74760,1.75218,0
07,14,19,08:15:00,   1.68,  13.3,  400.93,   5.824,  305.31,   4.928,1.74801,1.74497,1.74768,1.75239,0
07,14,19,08:30:00,   1.62,  13.3,  402.19,   6.832,  310.22,   6.045,1.74822,1.74505,1.74785,1.75230,0
07,14,19,08:45:00,   1.54,  13.3,  396.25,   4.952,  308.54,   6.361,1.74801,1.74539,1.74785,1.75260,0
07,14,19,09:00:00,   1.49,  13.2,  387.79,   7.239,  303.09,   5.342,1.74768,1.74543,1.74772,1.75305,0
07,14,19,09:15:00,   1.46,  12.9,  385.82,   3.719,  302.83,   6.652,1.74772,1.74630,1.74718,1.75293,0
07,14,19,09:30:00,   1.37,  12.9,  380.67,   3.556,  302.73,   4.248,1.74780,1.74672,1.74768,1.75280,0
07,14,19,09:45:00,   1.48,  13.5,  388.88,   5.751,  305.12,   4.228,1.74805,1.74576,1.74826,1.75276,0
07,14,19,10:00:00,   1.44,  13.8,  385.47,   4.799,  303.83,   5.953,1.74859,1.74626,1.74801,1.75243,0
07,14,19,10:15:00,   1.29,  13.9,  376.63,   3.166,  303.22,   4.456,1.74826,1.74668,1.74851,1.75247,0
07,14,19,10:30:00,   1.53,  14.1,  387.59,   6.461,  300.54,   3.794,1.74860,1.74593,1.74839,1.75285,0
07,14,19,10:45:00,   1.50,  14.7,  388.32,   5.606,  302.90,   3.106,1.74922,1.74547,1.74910,1.75260,0
07,14,19,11:00:00,   1.37,  15.0,  381.58,   3.229,  303.64,   3.872,1.74885,1.74584,1.74897,1.75197,0
07,14,19,11:15:00,   1.44,  15.2,  382.62,   7.827,  300.80,   5.596,1.74951,1.74555,1.74897,1.75251,0
07,14,19,11:30:00,   1.64,  15.0,  394.34,   5.867,  301.07,   4.487,1.74897,1.74522,1.74905,1.75239,0
07,14,19,11:45:00,   1.54,  15.2,  380.98,   6.596,  293.72,   4.100,1.74918,1.74559,1.74918,1.75276,0
07,14,19,12:00:00,   1.74,  15.4,  397.64,   6.451,  298.93,   4.957,1.74972,1.74468,1.74935,1.75276,0
07,14,19,12:15:00,   1.95,  15.7,  410.98,   3.827,  300.01,   4.922,1.74960,1.74351,1.74964,1.75243,0
07,14,19,12:30:00,   1.90,  15.8,  408.75,   6.690,  301.02,   5.252,1.74989,1.74376,1.74964,1.75235,0
07,14,19,12:45:00,   1.54,  15.9,  391.29,   7.302,  303.57,   3.924,1.74989,1.74497,1.74997,1.75210,0
07,14,19,13:00:00,   1.56,  15.8,  391.18,   3.948,  302.68,   6.283,1.74980,1.74510,1.74989,1.75247,0
07,14,19,13:15:00,   1.19,  15.6,  369.10,   3.254,  301.59,   6.545,1.74993,1.74718,1.74964,1.75251,0
07,14,19,13:30:00,   1.11,  15.4,  365.09,   2.273,  301.90,   2.207,1.74980,1.74755,1.74976,1.75230,0
07,14,19,13:45:00,   1.10,  15.3,  361.98,   4.059,  299.31,   3.837,1.74968,1.74747,1.74943,1.75235,0
07,14,19,14:00:00,   0.96,  15.1,  356.74,   4.094,  302.11,   3.443,1.74930,1.74797,1.74930,1.75226,0
07,14,19,14:15:00,   0.80,  15.0,  347.10,   2.009,  301.48,   2.511,1.74901,1.74855,1.74943,1.75268,0
07,14,19,14:30:00,   0.81,  14.9,  346.02,   2.299,  300.06,   5.274,1.74935,1.74885,1.74905,1.75264,0
07,14,19,14:45:00,   0.94,  14.9,  355.77,   2.392,  302.40,   4.179,1.74955,1.74847,1.74935,1.75251,0
07,14,19,15:00:00,   1.06,  15.4,  362.10,   5.732,  301.93,   4.916,1.75026,1.74764,1.74955,1.75264,0
07,14,19,15:15:00,   1.26,  15.4,  376.95,   5.570,  305.38,   5.091,1.74976,1.74660,1.74960,1.75226,0
07,14,19,15:30:00,   1.64,  15.1,  396.99,   6.457,  303.96,   3.988,1.74951,1.74480,1.74930,1.75247,0
07,14,19,15:45:00,   2.01,  15.0,  417.54,   7.958,  303.64,   5.601,1.74939,1.74339,1.74922,1.75243,0
07,14,19,16:00:00,   2.32,  14.7,  438.73,   7.255,  306.92,   5.480,1.74918,1.74184,1.74897,1.75222,0
07,14,19,16:15:00,   2.43,  14.5,  447.55,   9.570,  309.74,   6.497,1.74905,1.74155,1.74851,1.75193,0
07,14,19,16:30:00,   2.33,  14.3,  439.07,   7.418,  306.53,   5.816,1.74880,1.74197,1.74859,1.75255,0
07,14,19,16:45:00,   2.32,  14.1,  442.19,   7.698,  310.50,   6.543,1.74868,1.74197,1.74822,1.75210,0
07,14,19,17:00:00,   1.93,  14.0,  421.01,   5.032,  311.17,   8.271,1.74851,1.74376,1.74822,1.75218,0
07,14,19,17:15:00,   1.71,  13.8,  403.16,   4.578,  306.18,   5.512,1.74785,1.74468,1.74818,1.75255,0
07,14,19,17:30:00,   1.49,  13.6,  389.23,   4.669,  304.46,   6.816,1.74789,1.74585,1.74764,1.75251,0
07,14,19,17:45:00,   1.70,  13.4,  400.01,   3.645,  303.45,   5.105,1.74793,1.74509,1.74743,1.75243,0
07,14,19,18:00:00,   2.12,  13.1,  424.91,   6.601,  304.80,   4.083,1.74760,1.74314,1.74739,1.75218,0
07,14,19,18:15:00,   2.38,  12.8,  444.21,   5.700,  308.96,   6.940,1.74689,1.74172,1.74693,1.75239,0
07,14,19,18:30:00,   2.47,  12.7,  453.64,   5.491,  313.59,   7.280,1.74709,1.74101,1.74689,1.75185,0
07,14,19,18:45:00,   2.58,  12.6,  459.94,   8.405,  313.63,   6.861,1.74709,1.74043,1.74709,1.75218,0
07,14,19,19:00:00,   2.54,  12.7,  460.65,   5.931,  316.32,   8.385,1.74730,1.74064,1.74705,1.75189,0
07,14,19,19:15:00,   2.36,  12.7,  449.68,   9.069,  315.50,   7.150,1.74726,1.74168,1.74701,1.75193,0
07,14,19,19:30:00,   2.38,  12.6,  449.76,   7.821,  314.86,   5.014,1.74709,1.74130,1.74722,1.75201,0
07,14,19,19:45:00,   2.39,  12.6,  451.70,  10.512,  316.03,   5.997,1.74764,1.74134,1.74718,1.75189,0
07,14,19,20:00:00,   2.28,  12.6,  448.31,   8.683,  318.81,   7.047,1.74726,1.74159,1.74709,1.75193,0
07,14,19,20:15:00,   2.39,  12.6,  448.54,   7.600,  312.99,   5.843,1.74743,1.74143,1.74718,1.75230,0
07,14,19,20:30:00,   2.31,  12.7,  445.48,   7.705,  314.32,   6.628,1.74764,1.74180,1.74705,1.75210,0
07,14,19,20:45:00,   2.28,  12.7,  444.13,   4.438,  314.64,   6.819,1.74730,1.74189,1.74730,1.75222,0
07,14,19,21:00:00,   2.18,  12.7,  438.93,   7.589,  314.96,   7.920,1.74730,1.74205,1.74755,1.75230,0
07,14,19,21:15:00,   2.35,  12.7,  446.82,   8.069,  313.14,   5.176,1.74743,1.74151,1.74718,1.75218,0
07,14,19,21:30:00,   2.30,  12.6,  447.75,   8.327,  317.41,   5.252,1.74747,1.74155,1.74730,1.75172,0
07,14,19,21:45:00,   2.39,  12.7,  451.28,   6.901,  315.48,   5.751,1.74734,1.74147,1.74722,1.75239,0
07,14,19,22:00:00,   2.27,  12.6,  443.93,   8.778,  314.87,   6.502,1.74772,1.74226,1.74701,1.75210,0
07,14,19,22:15:00,   2.34,  12.5,  447.42,   9.275,  314.81,   4.733,1.74726,1.74172,1.74722,1.75214,0
07,14,19,22:30:00,   2.30,  12.5,  446.68,   7.830,  315.92,   9.496,1.74743,1.74172,1.74701,1.75226,0
07,14,19,22:45:00,   2.35,  12.4,  449.21,   7.719,  315.98,   6.530,1.74709,1.74147,1.74693,1.75201,0
07,14,19,23:00:00,   2.43,  12.3,  454.24,   9.236,  316.07,   5.708,1.74709,1.74101,1.74689,1.75210,0
07,14,19,23:15:00,   2.42,  12.2,  453.73,   7.826,  316.26,   6.676,1.74726,1.74139,1.74697,1.75218,0
07,14,19,23:30:00,   2.37,  12.3,  452.42,   5.258,  317.84,   7.033,1.74726,1.74172,1.74685,1.75210,0
07,14,19,23:45:00,   2.51,  12.3,  457.75,   8.741,  315.38,   6.427,1.74714,1.74093,1.74705,1.75255,0
07,15,19,00:00:00,   2.37,  12.3,  448.59,   6.199,  314.24,   8.577,1.74730,1.74197,1.74701,1.75276,0
07,15,19,00:15:00,   2.41,  12.3,  452.61,   5.681,  315.66,   9.851,1.74701,1.74143,1.74701,1.75235,0
07,15,19,00:30:00,   2.52,  12.3,  461.01,   8.705,  317.85,   7.846,1.74730,1.74097,1.74714,1.75255,0
07,15,19,00:45:00,   2.42,  12.3,  454.11,   7.795,  316.70,   6.372,1.74726,1.74147,1.74714,1.75247,0
07,15,19,01:00:04,  -0.00,  -0.0,   -0.00,  -0.000,   -0.00,  -0.000,1
07,15,19,01:00:54,  -0.00,  -0.0,   -0.00,  -0.000,   -0.00,  -0.000,1
07,15,19,01:15:00,   2.57,  11.9,  456.40,   9.110,  310.32,   4.097,1.74651,1.74076,1.74634,1.75222,0
07,15,19,01:30:00,   2.51,  11.8,  458.12,   9.330,  315.82,   7.966,1.74660,1.74097,1.74618,1.75218,0
07,15,19,01:45:00,   2.54,  11.9,  459.60,   9.191,  315.40,   7.744,1.74655,1.74068,1.74634,1.75239,0
07,15,19,02:00:00,   2.53,  12.0,  458.67,   8.910,  314.75,   5.835,1.74668,1.74122,1.74676,1.75251,0
07,15,19,02:15:00,   2.49,  12.0,  459.41,   9.494,  317.84,   5.979,1.74701,1.74084,1.74689,1.75247,0
07,15,19,02:30:00,   2.52,  12.0,  456.78,   6.764,  313.65,   8.369,1.74701,1.74126,1.74660,1.75239,0
07,15,19,02:45:00,   2.48,  12.0,  455.69,   4.422,  314.68,   5.482,1.74693,1.74147,1.74685,1.75226,0
07,15,19,03:00:00,   2.55,  12.1,  459.28,   5.222,  314.73,   8.656,1.74685,1.74130,1.74697,1.75235,0
07,15,19,03:15:00,   2.51,  11.9,  458.38,  11.199,  315.86,   6.863,1.74668,1.74076,1.74660,1.75222,0
07,15,19,03:30:00,   2.50,  11.6,  457.55,   8.784,  315.70,   9.881,1.74630,1.74101,1.74576,1.75214,0
07,15,19,03:45:00,   2.55,  11.6,  460.28,   6.855,  315.32,   7.284,1.74622,1.74055,1.74630,1.75247,0
07,15,19,04:00:00,   2.61,  11.7,  461.86,   8.967,  313.68,   8.764,1.74647,1.74047,1.74634,1.75251,0
07,15,19,04:15:00,   2.76,  11.8,  474.53,   6.177,  317.74,   9.151,1.74685,1.74018,1.74660,1.75230,0
07,15,19,04:30:00,   2.81,  11.9,  477.13,  11.272,  317.66,   8.733,1.74697,1.73984,1.74676,1.75247,0
07,15,19,04:45:00,   3.10,  12.0,  492.99,   9.872,  316.96,   6.600,1.74709,1.73864,1.74689,1.75214,0
07,15,19,05:00:00,   3.32,  11.9,  506.38,  11.053,  318.12,   8.252,1.74689,1.73755,1.74651,1.75222,0
07,15,19,05:15:00,   3.72,  11.7,  534.18,   9.442,  323.00,   8.018,1.74647,1.73559,1.74634,1.75197,0
07,15,19,05:30:00,   3.86,  11.6,  546.92,  11.368,  327.68,  12.564,1.74664,1.73472,1.74610,1.75172,0
07,15,19,05:45:00,   4.05,  11.5,  555.21,  14.402,  325.32,   9.468,1.74630,1.73384,1.74634,1.75185,0
07,15,19,06:00:00,   3.87,  11.4,  545.71,  11.660,  325.96,  11.149,1.74622,1.73489,1.74651,1.75205,0
07,15,19,06:15:00,   3.85,  11.4,  546.83,  11.953,  328.28,  10.157,1.74634,1.73480,1.74605,1.75164,0
07,15,19,06:30:00,   3.91,  11.5,  551.68,  13.729,  329.73,  11.692,1.74651,1.73422,1.74601,1.75155,0
07,15,19,06:45:00,   3.83,  11.6,  542.87,  11.491,  325.17,  11.269,1.74680,1.73518,1.74626,1.75197,0
07,15,19,07:00:00,   3.80,  11.7,  542.71,  12.640,  327.18,  11.908,1.74672,1.73514,1.74643,1.75180,0
07,15,19,07:15:00,   3.68,  11.9,  536.80,  11.481,  327.94,  11.067,1.74726,1.73580,1.74680,1.75197,0
07,15,19,07:30:00,   3.50,  12.1,  524.03,   8.337,  325.56,  10.763,1.74726,1.73701,1.74709,1.75201,0
07,15,19,07:45:00,   3.43,  12.2,  521.07,   9.198,  326.17,  11.139,1.74747,1.73672,1.74693,1.75205,0
07,15,19,08:00:00,   3.44,  12.5,  521.33,   9.790,  326.19,  11.617,1.74739,1.73693,1.74739,1.75210,0
07,15,19,08:15:00,   3.40,  12.8,  512.36,  10.392,  319.13,  10.075,1.74785,1.73730,1.74747,1.75226,0
07,15,19,08:30:00,   3.20,  12.9,  502.30,  12.796,  320.79,  10.729,1.74830,1.73797,1.74785,1.75210,0
07,15,19,08:45:00,   3.19,  13.4,  497.60,  10.075,  316.34,  11.427,1.74805,1.73805,1.74764,1.75251,0
07,15,19,09:00:00,   3.20,  13.8,  497.72,  10.719,  316.24,   9.354,1.74876,1.73797,1.74814,1.75205,0
07,15,19,09:15:00,   2.96,  14.0,  484.86,   9.852,  316.58,   8.138,1.74897,1.73876,1.74839,1.75214,0
07,15,19,09:30:00,   2.82,  14.0,  473.07,   9.904,  313.01,  10.624,1.74876,1.73943,1.74839,1.75230,0
07,15,19,09:45:00,   2.63,  14.0,  460.45,   6.873,  311.04,   7.488,1.74880,1.74080,1.74860,1.75239,0
07,15,19,10:00:00,   2.52,  14.0,  449.63,   9.584,  306.81,   7.300,1.74897,1.74130,1.74830,1.75280,0
07,15,19,10:15:00,   2.53,  14.0,  450.60,   6.774,  306.69,   9.014,1.74851,1.74151,1.74830,1.75293,0
07,15,19,10:30:00,   2.41,  14.0,  444.46,   9.161,  307.53,   7.243,1.74885,1.74155,1.74860,1.75276,0
07,15,19,10:45:00,   2.43,  14.0,  441.06,   9.126,  302.81,   7.257,1.74868,1.74222,1.74830,1.75289,0
07,15,19,11:00:00,   2.52,  14.2,  450.57,   6.774,  307.29,   6.337,1.74905,1.74151,1.74864,1.75251,0
07,15,19,11:18:16,  -0.00,  -0.0,   -0.00,  -0.000,   -0.00,  -0.000,2
07,15,19,11:22:53,  -0.00,  -0.0,   -0.00,  -0.000,   -0.00,  -0.000,1
07,15,19,11:30:00,   2.05,  14.8,  423.14,   7.670,  306.85,   8.818,1.74910,1.74305,1.74889,1.75251,0
07,15,19,11:45:00,   2.21,  15.5,  420.64,   8.120,  295.13,   8.019,1.74960,1.74284,1.74939,1.75239,0
07,15,19,12:00:00,   1.98,  16.0,  413.97,   3.784,  301.29,   5.718,1.74960,1.74330,1.74972,1.75243,0
07,15,19,12:15:00,   2.07,  16.8,  416.84,   6.211,  299.36,   7.005,1.75047,1.74276,1.75035,1.75218,0
07,15,19,12:30:00,   2.07,  16.5,  419.57,   8.775,  302.18,   6.856,1.75030,1.74280,1.74993,1.75176,0
07,15,19,12:45:00,   1.93,  15.9,  409.15,   4.268,  299.82,   7.119,1.74985,1.74360,1.74930,1.75218,0
07,15,19,13:00:00,   1.74,  15.4,  393.69,   5.930,  294.81,   3.185,1.74922,1.74443,1.74922,1.75251,0
07,15,19,13:15:00,  -0.06,  15.1,  302.64,   2.573,  306.08,   1.848,1.74918,1.75172,1.74964,1.75230,0
07,15,19,13:30:00,   1.31,  16.2,  361.43,   6.085,  286.90,   5.244,1.75018,1.74639,1.74935,1.75289,0
07,15,19,13:45:00,   2.11,  17.5,  402.79,   5.344,  283.27,   6.138,1.75035,1.74264,1.75018,1.75235,0
07,15,19,14:00:00,   1.61,  17.7,  387.84,   3.929,  296.45,   6.545,1.75047,1.74426,1.75080,1.75193,0
07,15,19,14:15:00,   1.44,  16.6,  377.55,   4.216,  295.79,   5.330,1.74997,1.74555,1.74997,1.75193,0
07,15,19,14:30:00,   1.26,  17.3,  362.40,   3.287,  290.65,   5.725,1.75076,1.74685,1.75047,1.75264,0
07,15,19,14:45:00,   1.10,  17.3,  352.30,   1.876,  289.94,   3.421,1.75068,1.74743,1.75051,1.75222,0
07,15,19,15:00:00,   1.02,  17.4,  349.16,   3.635,  291.08,   3.353,1.75093,1.74768,1.75055,1.75210,0
07,15,19,15:15:00,   0.98,  17.1,  343.32,   6.117,  287.81,   2.380,1.75089,1.74826,1.75059,1.75264,0
07,15,19,15:30:00,   0.84,  17.0,  334.80,   5.181,  287.39,   8.286,1.75047,1.74876,1.75039,1.75310,0
07,15,19,15:45:00,   0.82,  17.2,  338.59,   2.498,  291.93,   4.933,1.75080,1.74872,1.75026,1.75235,0
07,15,19,16:00:00,   0.83,  17.5,  339.60,   3.133,  292.34,   4.567,1.75118,1.74876,1.75105,1.75222,0
07,15,19,16:15:00,   0.84,  17.2,  340.20,   2.423,  292.47,   3.289,1.75072,1.74876,1.75064,1.75235,0
07,15,19,16:30:00,   0.80,  17.0,  334.84,   3.882,  289.56,   4.433,1.75072,1.74901,1.75055,1.75264,0
07,15,19,16:45:00,   0.87,  18.0,  339.27,   2.365,  289.68,   3.148,1.75126,1.74822,1.75139,1.75218,0
07,15,19,17:00:00,   0.81,  17.5,  338.44,   3.190,  292.72,   3.421,1.75135,1.74889,1.75134,1.75272,0
07,15,19,17:15:00,   0.81,  16.5,  338.34,   2.287,  292.61,   3.138,1.75014,1.74864,1.75026,1.75230,0
07,15,19,17:30:00,   0.86,  15.9,  339.87,   2.479,  291.26,   2.206,1.74976,1.74897,1.74955,1.75260,0
07,15,19,17:45:00,   0.80,  15.4,  336.85,   3.299,  291.60,   4.922,1.74943,1.74926,1.74910,1.75276,0
07,15,19,18:00:00,   0.76,  14.9,  333.86,   3.649,  290.84,   2.331,1.74851,1.74914,1.74876,1.75264,0
07,15,19,18:15:00,   0.87,  14.3,  342.64,   3.805,  293.44,   2.081,1.74801,1.74876,1.74826,1.75264,0
07,15,19,18:30:00,   0.97,  13.8,  353.22,   6.890,  298.24,   3.763,1.74768,1.74839,1.74760,1.75260,0
07,15,19,18:45:00,   0.99,  13.4,  362.73,   5.705,  306.52,   2.952,1.74743,1.74734,1.74734,1.75193,0
07,15,19,19:00:00,   1.09,  13.0,  362.91,   5.354,  301.14,   3.563,1.74714,1.74747,1.74701,1.75230,0
07,15,19,19:15:00,   1.04,  12.8,  356.17,   4.016,  296.91,   4.002,1.74697,1.74768,1.74685,1.75276,0
07,15,19,19:30:00,   1.13,  12.7,  362.59,   3.417,  298.62,   3.627,1.74722,1.74785,1.74685,1.75268,0
07,15,19,19:45:00,   1.16,  12.5,  364.22,   6.112,  298.21,   5.834,1.74697,1.74747,1.74647,1.75289,0
07,15,19,20:00:00,   1.13,  12.4,  364.35,   2.623,  300.18,   2.076,1.74701,1.74772,1.74672,1.75285,0
07,15,19,20:15:00,   1.28,  12.2,  373.23,   6.128,  300.62,   3.700,1.74676,1.74730,1.74668,1.75289,0
07,15,19,20:30:00,   1.36,  11.8,  374.95,   5.072,  297.81,   4.309,1.74630,1.74672,1.74597,1.75301,0
07,15,19,20:45:00,   1.36,  11.4,  380.91,   5.584,  303.77,   3.340,1.74551,1.74639,1.74547,1.75243,0
07,15,19,21:00:00,   1.37,  11.0,  378.64,   5.187,  301.12,   6.889,1.74505,1.74643,1.74489,1.75285,0
07,15,19,21:15:00,   1.38,  10.8,  379.02,   5.460,  300.43,   4.368,1.74530,1.74639,1.74509,1.75297,0
07,15,19,21:30:00,   1.35,  10.9,  377.48,   5.445,  300.99,   4.226,1.74514,1.74647,1.74514,1.75289,0
07,15,19,21:45:00,   1.37,  10.6,  377.90,   4.758,  300.31,   4.353,1.74514,1.74693,1.74518,1.75293,0
07,15,19,22:00:00,   1.45,  10.3,  381.85,   4.247,  299.35,   4.842,1.74447,1.74626,1.74435,1.75293,0
07,15,19,22:15:00,   1.46,  10.1,  384.55,   7.544,  301.39,   4.022,1.74439,1.74580,1.74435,1.75293,0
07,15,19,22:30:00,   1.47,   9.9,  385.95,   4.743,  302.40,   4.884,1.74393,1.74580,1.74414,1.75268,0
07,15,19,22:45:00,   1.59,   9.9,  390.77,   5.113,  300.37,   4.473,1.74464,1.74584,1.74418,1.75314,0
07,15,19,23:00:00,   1.61,  10.0,  392.90,   5.552,  301.59,   4.557,1.74480,1.74576,1.74451,1.75310,0
07,15,19,23:15:00,   1.61,  10.1,  395.12,   6.918,  303.60,   5.724,1.74460,1.74559,1.74493,1.75297,0
07,15,19,23:30:00,   1.62,  10.4,  395.08,   8.033,  303.24,   3.726,1.74530,1.74559,1.74514,1.75314,0
07,15,19,23:45:00,   1.62,  10.6,  393.39,   4.732,  301.58,   6.026,1.74514,1.74568,1.74489,1.75314,0
07,16,19,00:00:00,   1.61,  10.9,  396.14,   7.813,  304.73,   4.487,1.74597,1.74551,1.74555,1.75285,0
07,16,19,00:15:00,   1.62,  11.0,  395.51,   6.180,  303.59,   6.300,1.74576,1.74559,1.74576,1.75314,0
07,16,19,00:30:00,   1.67,  11.1,  399.25,   6.965,  304.44,   4.180,1.74589,1.74534,1.74589,1.75293,0
07,16,19,00:45:00,   1.69,  11.1,  398.05,   7.942,  301.95,   5.286,1.74597,1.74559,1.74555,1.75293,0
07,16,19,01:00:00,   1.74,  11.1,  401.54,   3.420,  302.65,   5.514,1.74584,1.74530,1.74576,1.75305,0
07,16,19,01:15:00,   1.79,  11.1,  404.40,   7.411,  302.75,   4.859,1.74626,1.74522,1.74593,1.75318,0
07,16,19,01:30:00,   1.67,  11.0,  399.01,   5.123,  304.33,   6.047,1.74584,1.74551,1.74572,1.75301,0
07,16,19,01:45:00,   1.67,  11.0,  400.84,   5.856,  305.99,   5.698,1.74555,1.74526,1.74564,1.75293,0
07,16,19,02:00:00,   1.75,  10.9,  403.26,   5.892,  304.07,   7.093,1.74597,1.74518,1.74568,1.75335,0
07,16,19,02:15:00,   1.81,  10.9,  406.95,   6.989,  304.13,   6.837,1.74597,1.74493,1.74572,1.75335,0
07,16,19,02:30:00,   1.74,  10.9,  405.08,   4.734,  306.15,   7.825,1.74572,1.74522,1.74547,1.75335,0
07,16,19,02:45:00,   1.82,  10.8,  406.35,   6.370,  303.15,   4.667,1.74564,1.74505,1.74551,1.75322,0
07,16,19,03:00:00,   1.83,  10.7,  409.26,   8.090,  305.53,   6.912,1.74597,1.74493,1.74547,1.75335,0
07,16,19,03:15:00,   1.83,  10.8,  408.59,   4.641,  304.77,   6.527,1.74559,1.74484,1.74551,1.75347,0
07,16,19,03:30:00,   1.85,  10.8,  410.40,   8.916,  305.57,   5.502,1.74597,1.74489,1.74572,1.75314,0
07,16,19,03:45:00,   1.85,  10.8,  407.57,   6.989,  302.73,   6.900,1.74589,1.74526,1.74589,1.75368,0
07,16,19,04:00:00,   1.82,  10.9,  406.92,   5.290,  303.35,   4.993,1.74597,1.74522,1.74605,1.75376,0
07,16,19,04:15:00,   1.87,  11.0,  410.57,   7.498,  304.40,   4.670,1.74610,1.74489,1.74593,1.75318,0
07,16,19,04:30:00,   1.75,  10.9,  406.39,   5.234,  306.95,   6.092,1.74597,1.74501,1.74584,1.75318,0
07,16,19,04:45:00,   1.76,  10.9,  405.65,   6.894,  305.58,   7.558,1.74601,1.74501,1.74568,1.75347,0
07,16,19,05:00:00,   1.88,  11.0,  409.31,   8.061,  302.56,   6.281,1.74634,1.74505,1.74568,1.75343,0
07,16,19,05:15:00,   1.87,  11.1,  412.79,   6.329,  306.37,   3.587,1.74622,1.74455,1.74614,1.75301,0
07,16,19,05:30:00,   1.82,  11.1,  407.79,   6.262,  304.49,   5.384,1.74651,1.74518,1.74593,1.75330,0
07,16,19,05:45:00,   1.86,  11.2,  407.97,   7.043,  302.08,   5.945,1.74630,1.74514,1.74614,1.75372,0
07,16,19,06:00:00,   1.89,  11.2,  408.50,   5.842,  301.25,   7.873,1.74610,1.74493,1.74597,1.75347,0
07,16,19,06:15:00,   1.83,  11.3,  408.90,   6.258,  304.84,   3.180,1.74634,1.74501,1.74639,1.75326,0
07,16,19,06:30:00,   1.87,  11.5,  407.88,   4.928,  301.83,   6.623,1.74672,1.74522,1.74614,1.75360,0
07,16,19,06:45:00,   1.83,  11.6,  409.23,   5.424,  305.14,   3.980,1.74672,1.74484,1.74668,1.75330,0
07,16,19,07:00:00,   1.79,  11.8,  407.61,   6.330,  306.08,   4.529,1.74651,1.74468,1.74655,1.75305,0
07,16,19,07:15:00,   1.83,  12.0,  407.54,   5.227,  303.90,   6.595,1.74680,1.74489,1.74676,1.75310,0
07,16,19,07:30:00,   1.81,  12.1,  406.22,   9.430,  303.25,   4.889,1.74730,1.74472,1.74685,1.75297,0
07,16,19,07:45:00,   1.75,  12.3,  402.32,   5.897,  303.15,   4.294,1.74689,1.74509,1.74693,1.75314,0
07,16,19,08:00:00,   1.73,  12.3,  399.96,   6.452,  301.85,   4.547,1.74718,1.74518,1.74718,1.75339,0
07,16,19,08:15:00,   1.75,  12.5,  401.84,   5.459,  302.48,   7.097,1.74722,1.74522,1.74705,1.75326,0
07,16,19,08:30:00,   1.68,  12.7,  395.79,   5.396,  300.59,   4.809,1.74730,1.74547,1.74709,1.75289,0
07,16,19,08:45:00,   1.66,  13.1,  392.36,   5.333,  297.92,   3.881,1.74780,1.74568,1.74760,1.75326,0
07,16,19,09:00:00,   1.70,  13.7,  391.74,   6.892,  295.04,   3.785,1.74822,1.74505,1.74772,1.75264,0
07,16,19,09:15:00,   1.60,  14.8,  384.72,   6.243,  293.85,   5.132,1.74847,1.74539,1.74830,1.75255,0
07,16,19,09:30:00,   1.50,  15.4,  379.43,   1.592,  294.10,   4.561,1.74889,1.74555,1.74914,1.75260,0
07,16,19,09:45:00,   1.44,  15.5,  376.34,   3.067,  294.45,   4.214,1.74947,1.74630,1.74926,1.75251,0
07,16,19,10:00:00,   1.41,  15.5,  372.59,   5.369,  292.69,   4.223,1.74943,1.74614,1.74918,1.75276,0
07,16,19,10:15:00,   1.48,  15.5,  378.56,   4.730,  294.29,   4.271,1.74960,1.74634,1.74914,1.75239,0
07,16,19,10:30:00,   1.33,  15.3,  370.53,   2.733,  295.21,   5.952,1.74943,1.74697,1.74914,1.75280,0
07,16,19,10:45:00,   1.39,  15.2,  373.46,   4.976,  294.29,   4.276,1.74918,1.74618,1.74922,1.75280,0
07,16,19,11:00:00,   1.34,  15.4,  369.01,   4.116,  293.03,   4.468,1.74951,1.74693,1.74930,1.75301,0
07,16,19,11:15:00,   1.36,  15.7,  367.72,   5.272,  290.78,   3.116,1.74976,1.74655,1.74960,1.75264,0
07,16,19,11:30:00,   1.37,  17.0,  362.12,   4.425,  284.52,   5.486,1.75043,1.74630,1.74989,1.75276,0
07,16,19,11:45:00,   1.20,  18.4,  353.56,   4.426,  285.56,   5.004,1.75105,1.74647,1.75093,1.75193,0
07,16,19,12:00:00,   0.99,  18.2,  347.05,   5.714,  290.96,   2.367,1.75122,1.74718,1.75118,1.75168,0
07,16,19,12:15:00,   1.04,  17.3,  348.14,   4.441,  288.86,   1.976,1.75018,1.74734,1.75035,1.75210,0
07,16,19,12:30:00,   1.26,  16.9,  358.40,   4.381,  286.78,   2.776,1.75030,1.74693,1.75026,1.75268,0
07,16,19,12:45:00,   1.07,  16.6,  350.72,   0.836,  289.69,   3.777,1.75026,1.74789,1.74993,1.75260,0
07,16,19,13:00:00,   1.77,  16.8,  390.43,   4.994,  289.99,   3.828,1.75068,1.74493,1.75051,1.75251,0
07,16,19,13:17:42,  -0.00,  -0.0,   -0.00,  -0.000,   -0.00,  -0.000,2
