"","DateTime","Flux_eos1","Temp_C_eos1","CO2_Soil_ppm_eos1","CO2_Soil_STD_ppm_eos1","CO2_ATM_ppm_eos1","CO2_ATM_STD_ppm_eos1","Mode"
"1",2019-07-10 11:23:17,0,0,0,0,0,0,1
"2",2019-07-10 11:30:00,1,23.9,326,5.28,269.07,8.175,1.75326
"3",2019-07-10 11:45:00,1.06,24.6,323.78,3.923,263.5,5.991,1.75468
"4",2019-07-10 12:00:00,0.85,23.4,318.7,5.256,270.22,4.221,1.75335
"5",2019-07-10 12:15:00,0.78,22.3,312.73,1.938,268.19,3.906,1.75297
"6",2019-07-10 12:30:00,0.85,22,317.81,3.869,269.31,2.495,1.75314
"7",2019-07-10 12:45:00,0.69,22.3,305.91,3.346,266.9,2.352,1.7536
"8",2019-07-10 13:00:00,-0.02,22.6,280.34,1.463,281.56,7.379,1.75364
"9",2019-07-10 13:15:00,1.21,22.7,339.41,6.375,270.74,0.919,1.75385
"10",2019-07-10 13:30:00,0.88,22.8,323.38,1.758,273.36,3.318,1.75385
"11",2019-07-10 13:45:00,0.86,22.8,319.48,5.429,270.63,2.453,1.75435
"12",2019-07-10 14:00:00,0.81,23.1,313.58,2.303,267.34,3.279,1.75401
"13",2019-07-10 14:15:00,0.73,22.9,316.49,3.307,274.83,4.788,1.75389
"14",2019-07-10 14:30:00,0.74,22.1,317.37,2.265,275.48,3.609,1.75372
"15",2019-07-10 14:45:00,0.75,21.8,314.05,3.146,271.38,4.243,1.75343
"16",2019-07-10 15:00:00,0.76,21.3,314.97,4.028,271.89,2.298,1.75276
"17",2019-07-10 15:15:00,0.73,20.6,313.62,3.289,272.12,3.214,1.75222
"18",2019-07-10 15:30:00,0.79,20,316.62,3.181,271.57,2.764,1.75126
"19",2019-07-10 15:45:00,0.8,19.5,318.38,4.381,273.03,3.043,1.7513
"20",2019-07-10 16:00:00,0.75,19.3,319.05,1.503,276.27,3.03,1.75114
"21",2019-07-10 16:15:00,0.8,19.1,320.1,1.688,274.46,3.924,1.75089
"22",2019-07-10 16:30:00,0.8,18.6,322.98,4.652,277.8,4.618,1.75005
"23",2019-07-10 16:45:00,0.86,17.9,322.54,2.672,273.74,2.103,1.74943
"24",2019-07-10 17:00:00,0.91,17.3,325.66,4.16,274.13,5.561,1.74922
"25",2019-07-10 17:15:00,0.9,16.8,328.4,5.06,277.51,3.051,1.74876
"26",2019-07-10 17:30:00,0.92,16.3,329.5,2.743,277.35,4.395,1.74814
"27",2019-07-10 17:45:00,0.91,15.7,330.24,5.273,278.79,3.674,1.7473
"28",2019-07-10 18:00:00,0.97,15,332.09,2.832,277.13,2.426,1.74672
"29",2019-07-10 18:15:00,1.01,14.4,336.23,3.162,278.86,3.666,1.74614
"30",2019-07-10 18:30:00,1.08,13.9,344.89,3.409,283.5,3.069,1.74614
"31",2019-07-10 18:45:00,1.14,13.6,348.3,3.696,283.45,4.267,1.74584
"32",2019-07-10 19:00:00,1.11,13.2,349.21,2.53,286.02,4.312,1.74555
"33",2019-07-10 19:15:00,1.28,12.9,356.77,4.685,284.33,5.439,1.74539
"34",2019-07-10 19:30:00,1.33,12.6,360.91,5.516,285.51,3.482,1.74535
"35",2019-07-10 19:45:00,1.3,12.3,360.68,6.616,287.12,5.117,1.74526
"36",2019-07-10 20:00:00,1.41,12.1,365.31,4.832,285.06,3.91,1.74484
"37",2019-07-10 20:15:00,1.47,11.8,369.24,6.877,285.68,4.821,1.74493
"38",2019-07-10 20:30:00,1.43,11.6,368.79,5.838,287.87,2.006,1.74447
"39",2019-07-10 20:45:00,1.52,11.5,373.18,6.983,287.14,2.957,1.74476
"40",2019-07-10 21:00:00,1.5,11.2,374.53,6.425,289.51,4.436,1.74443
"41",2019-07-10 21:15:00,1.52,11,378.13,5.242,291.69,7.334,1.74426
"42",2019-07-10 21:30:00,1.6,10.8,381.68,5.984,290.74,5.912,1.74397
"43",2019-07-10 21:45:00,1.67,10.6,387.28,4.414,292.55,7.585,1.74393
"44",2019-07-10 22:00:00,1.64,10.5,384.44,5.298,291.17,4.744,1.74397
"45",2019-07-10 22:15:00,1.79,10.4,391.71,5.753,290.34,5.171,1.74384
"46",2019-07-10 22:30:00,1.72,10.3,390.64,6.111,292.81,6.914,1.74418
"47",2019-07-10 22:45:00,1.76,10.3,395,5.869,295.22,5.127,1.74397
"48",2019-07-10 23:00:00,1.78,10.2,393.1,4.515,292.29,5.567,1.74393
"49",2019-07-10 23:15:00,1.89,10.2,401.88,6.928,294.58,5.383,1.74401
"50",2019-07-10 23:30:00,1.97,10.3,407.79,7.012,295.84,6.42,1.74422
"51",2019-07-10 23:45:00,1.91,10.3,405.77,6.851,297.45,4.321,1.74447
"52",2019-07-11 00:00:00,1.87,10.3,401.84,4.905,295.86,7.259,1.74414
"53",2019-07-11 00:15:00,1.96,10.2,408.4,6.206,297.24,7.437,1.74439
"54",2019-07-11 00:30:00,2.09,10.1,414.25,6.668,295.75,5.447,1.74439
"55",2019-07-11 00:45:00,2.03,10.2,414.72,5.571,299.48,4.526,1.74422
"56",2019-07-11 01:00:00,2.11,10.4,418.71,6.871,298.98,9.137,1.74484
"57",2019-07-11 01:15:00,2.02,10.6,416.4,6.246,301.67,6.183,1.74484
"58",2019-07-11 01:30:00,2.08,10.8,420.88,7.428,302.67,4.564,1.74535
"59",2019-07-11 01:45:00,2.21,10.8,424.59,7.06,298.9,6.575,1.74501
"60",2019-07-11 02:00:00,2.18,11,425.11,6.619,301.4,7.619,1.74539
"61",2019-07-11 02:15:00,2.18,11,426.37,7.083,302.46,4.031,1.74526
"62",2019-07-11 02:30:00,2.28,11.1,430.2,7.76,300.97,6.983,1.74551
"63",2019-07-11 02:45:00,2.2,11.2,429.21,6.455,304.41,7.444,1.74572
"64",2019-07-11 03:00:00,2.27,11.2,430.15,6.607,301.08,6.015,1.74568
"65",2019-07-11 03:15:00,2.28,11.3,434.16,7.853,304.72,7.811,1.7458
"66",2019-07-11 03:30:00,2.21,11.3,429.01,8.236,303.63,7.091,1.74564
"67",2019-07-11 03:45:00,2.34,11.1,434.11,8.56,301.47,7.225,1.74564
"68",2019-07-11 04:00:00,2.49,11,442.86,7.122,301.56,7.005,1.74564
"69",2019-07-11 04:15:00,2.45,11.1,443.6,9.258,304.58,6.94,1.74589
"70",2019-07-11 04:30:00,2.39,11.3,441.3,8.081,305.43,6.915,1.74593
"71",2019-07-11 04:45:00,2.49,11.5,444.65,7.918,303.39,7.538,1.74614
"72",2019-07-11 05:00:00,2.45,11.5,444.18,7.162,305.33,6.381,1.74622
"73",2019-07-11 05:15:00,2.44,11.7,444.27,9.336,305.75,3.41,1.74614
"74",2019-07-11 05:30:00,2.39,11.7,441.01,6.245,305.22,6.475,1.74593
"75",2019-07-11 05:45:00,2.44,11.6,444.56,7.477,305.84,5.316,1.74622
"76",2019-07-11 06:00:00,2.47,11.6,448.71,9.974,308.6,8.768,1.74626
"77",2019-07-11 06:15:00,2.56,11.6,451.2,7.984,305.65,7.139,1.74622
"78",2019-07-11 06:30:00,2.5,11.6,448.73,9.683,306.51,9.156,1.74639
"79",2019-07-11 06:45:00,2.46,11.6,442.62,9.098,303.23,8.46,1.74655
"80",2019-07-11 07:00:00,2.52,11.5,445.18,12.531,301.93,6.806,1.74643
"81",2019-07-11 07:15:00,2.53,11.5,444.52,9.395,300.72,8.7,1.74639
"82",2019-07-11 07:30:00,2.45,11.4,440.37,5.266,301.06,8.295,1.74626
"83",2019-07-11 07:45:00,2.58,11.8,448.85,10.117,302.53,7.382,1.7468
"84",2019-07-11 08:00:00,2.43,12.3,441.35,7.09,303.47,6.525,1.74685
"85",2019-07-11 08:15:00,2.2,13.6,425.92,7.468,300.77,7.715,1.74693
"86",2019-07-11 08:30:00,2.11,16.4,410.93,6.738,290.88,7.085,1.74801
"87",2019-07-11 08:45:00,2.07,20.6,403.59,7.315,286.12,4.223,1.75222
"88",2019-07-11 09:00:00,2,24.9,408.14,4.558,294.69,4.15,1.75643
"89",2019-07-11 09:15:00,1.62,25.7,400.04,3.313,308.15,6.67,1.75751
"90",2019-07-11 09:30:00,1.64,26.1,392.81,7.075,299.58,3.86,1.75768
"91",2019-07-11 09:45:00,1.76,25.1,393.14,7.497,293.46,4.791,1.75643
"92",2019-07-11 10:00:00,1.73,25.6,382.03,4.567,283.88,5.938,1.75685
"93",2019-07-11 10:15:00,1.46,28.6,364.26,6.171,281.58,7.123,1.75835
"94",2019-07-11 10:30:00,1.43,31,368.95,3.637,287.87,3.786,1.76047
"95",2019-07-11 10:45:00,1.48,32.2,367.88,2.831,283.73,4.829,1.76072
"96",2019-07-11 11:00:00,1.41,33.2,368.74,3.548,288.65,3.856,1.76201
"97",2019-07-11 11:15:33,0,0,0,0,0,0,2
"98",2019-07-11 11:30:00,1.38,32.2,365.59,5.258,287.24,2.329,1.76122
"99",2019-07-11 11:45:00,1.51,30.9,371.29,2.562,285.4,3.933,1.75972
"100",2019-07-11 12:00:00,1.42,29.4,362.44,4.664,281.74,4.213,1.7588
"101",2019-07-11 12:15:00,1.16,28.8,344.72,1.54,279.01,5.216,1.75851
"102",2019-07-11 12:30:00,1.25,28.9,349.19,3.347,277.98,2.217,1.75872
"103",2019-07-11 12:45:00,1.32,28.1,349.08,3.332,274.1,3.426,1.7578
"104",2019-07-11 13:00:00,1.18,28.2,343.34,3.336,276.31,5.222,1.75805
"105",2019-07-11 13:15:00,1.43,29,351.92,4.975,270.88,3.432,1.75893
"106",2019-07-11 13:30:00,1.28,29.1,347.46,3.99,274.7,5.442,1.7591
"107",2019-07-11 13:45:00,1.21,29.2,346.49,5.152,278.02,6.632,1.75918
"108",2019-07-11 14:00:00,1.3,29,348.43,4.951,274.81,4.972,1.7588
"109",2019-07-11 14:15:00,1.3,27.8,349.66,2.688,275.98,4.72,1.75772
"110",2019-07-11 14:30:00,1.32,26.5,347.3,2.692,272.61,2.121,1.75614
"111",2019-07-11 14:45:00,1.3,25.3,348.57,4.235,275.01,2.786,1.75551
"112",2019-07-11 15:00:00,1.32,24.2,355.09,5.948,280.15,4.247,1.75401
"113",2019-07-11 15:15:00,1.52,23.2,362.36,5.234,276.11,3.942,1.75326
"114",2019-07-11 15:30:00,1.48,22.3,362.98,4.78,278.74,4.002,1.75276
"115",2019-07-11 15:45:00,1.49,21.8,362.42,2.633,277.65,5.431,1.75297
"116",2019-07-11 16:00:00,1.51,21.7,369.71,5.526,283.96,5.514,1.75297
"117",2019-07-11 16:15:00,1.5,21.3,365.4,4.437,279.98,4.785,1.75293
"118",2019-07-11 16:30:00,1.6,20.8,373.66,5.16,282.85,5.615,1.75189
"119",2019-07-11 16:45:00,1.64,20.3,376.68,6.535,283.65,7.122,1.75168
"120",2019-07-11 17:00:00,1.62,20.2,375.89,5.413,284.03,2.902,1.75214
"121",2019-07-11 17:15:00,1.72,20.1,382.85,7.711,284.95,6.803,1.75189
"122",2019-07-11 17:30:00,1.62,19.6,377.76,7.063,286.02,5.678,1.75093
"123",2019-07-11 17:45:00,1.79,18.9,387.66,6.244,286.13,5.742,1.75022
"124",2019-07-11 18:00:00,1.93,18.2,398.09,7.908,288.32,6.11,1.74993
"125",2019-07-11 18:15:00,1.92,17.7,403.03,7.512,293.93,5.936,1.74939
"126",2019-07-11 18:30:00,1.99,17.2,406.92,5.799,293.9,4.845,1.74885
"127",2019-07-11 18:45:00,1.98,16.6,405.98,6.007,293.69,5.035,1.74843
"128",2019-07-11 19:00:00,2.08,16.3,415.84,8.309,297.51,5.504,1.74843
"129",2019-07-11 19:15:00,2.21,16,422.58,8.08,297.03,4.533,1.7483
"130",2019-07-11 19:30:00,2.25,15.9,427.68,8.232,299.76,7.07,1.74822
"131",2019-07-11 19:45:00,2.45,15.8,439.34,9.125,300.01,5.653,1.74885
"132",2019-07-11 20:00:00,2.35,15.7,434.34,7.289,301.18,7.497,1.74847
"133",2019-07-11 20:15:00,2.36,15.5,438.46,9.232,304.61,6.167,1.7486
"134",2019-07-11 20:30:00,2.43,15.3,438.18,8.384,300.25,6.613,1.74797
"135",2019-07-11 20:45:00,2.32,15.1,434.72,7.247,303.05,6.689,1.74785
"136",2019-07-11 21:00:00,2.45,14.9,439.11,9.069,300.12,7.771,1.7478
"137",2019-07-11 21:15:00,2.53,14.8,448.33,7.502,304.67,6.332,1.74797
"138",2019-07-11 21:30:00,2.58,14.8,450.39,5.135,304.03,6.979,1.7478
"139",2019-07-11 21:45:00,2.54,14.7,448.97,9.511,304.77,7.204,1.74785
"140",2019-07-11 22:00:00,2.55,14.6,448.88,8.491,304.29,6.364,1.7478
"141",2019-07-11 22:15:00,2.62,14.5,454.45,8.097,305.56,7.581,1.7478
"142",2019-07-11 22:30:00,2.55,14.4,451.96,8.117,307.02,9.999,1.74726
"143",2019-07-11 22:45:00,2.76,14.2,461.66,12.241,304.82,7.358,1.74789
"144",2019-07-11 23:00:00,2.74,14.1,462.53,10.248,307.05,7.153,1.74751
"145",2019-07-11 23:15:00,2.9,14,471.89,7.873,307.4,7.657,1.74755
"146",2019-07-11 23:30:00,2.84,14,473.34,9.711,311.92,8.044,1.74747
"147",2019-07-11 23:45:00,2.85,14,471.39,10.827,309.45,9.543,1.74726
"148",2019-07-12 00:00:00,2.79,13.9,466.31,10.889,308.13,8.75,1.74747
"149",2019-07-12 00:15:00,2.77,13.8,469.55,7.012,312.29,6.983,1.74747
"150",2019-07-12 00:30:00,2.81,13.7,470.44,6.69,310.93,7.204,1.74726
"151",2019-07-12 00:45:00,2.84,13.6,470.15,9.27,309.08,8.648,1.74701
"152",2019-07-12 01:00:00,2.96,13.6,477,9.794,309.02,10.255,1.74714
"153",2019-07-12 01:15:00,2.81,13.5,473.96,9.885,314.34,8.831,1.74726
"154",2019-07-12 01:30:00,3.02,13.4,485.56,10.117,314.18,8.269,1.74709
"155",2019-07-12 01:45:00,2.95,13.4,482.4,11.165,314.99,9.53,1.74722
"156",2019-07-12 02:00:00,3.05,13.4,483.54,9.809,310.36,9.377,1.74722
"157",2019-07-12 02:15:00,3,13.3,483.12,9.609,312.87,6.504,1.74743
"158",2019-07-12 02:30:00,2.97,13.3,482.42,9.256,313.97,8.573,1.74726
"159",2019-07-12 02:45:00,3.06,13.3,486.37,6.227,312.36,10.104,1.74714
"160",2019-07-12 03:00:00,3.17,13.3,495.62,8.934,315.75,10.065,1.74726
"161",2019-07-12 03:15:00,3.22,13.4,499.37,8.971,316.53,10.178,1.74726
"162",2019-07-12 03:30:00,3.15,13.4,495.45,10.163,316.83,7.792,1.74734
"163",2019-07-12 03:45:00,3.25,13.3,500.3,7.632,315.81,8.525,1.74697
"164",2019-07-12 04:00:00,3.31,13.3,504.27,10.611,316.52,9.591,1.74751
"165",2019-07-12 04:15:00,3.11,13.3,495,9.362,318.45,6.61,1.74734
"166",2019-07-12 04:30:00,3.2,13.3,496.98,8.697,315.41,8.231,1.74726
"167",2019-07-12 04:45:00,3.23,13.2,500.29,8.304,316.89,7.277,1.7473
"168",2019-07-12 05:00:00,3.16,13.1,497.04,9.03,317.67,7.895,1.74714
"169",2019-07-12 05:15:00,3.17,13,497.23,9.588,317.02,10.133,1.74709
"170",2019-07-12 05:30:00,3.22,13,497.25,11.02,314.57,10.718,1.74705
"171",2019-07-12 05:45:00,3.34,12.9,507.73,8.879,318.32,10.987,1.74697
"172",2019-07-12 06:00:00,3.28,12.9,503.14,11.392,316.96,11.158,1.74701
"173",2019-07-12 06:15:00,3.33,12.9,507.11,8.746,318.04,9.23,1.7468
"174",2019-07-12 06:30:00,3.43,12.9,513.51,7.647,318.76,9.654,1.74697
"175",2019-07-12 06:45:00,3.37,13,509.75,10.427,318.18,10.593,1.74735
"176",2019-07-12 07:00:00,3.38,13.2,511.74,10.185,319.67,9.271,1.74743
"177",2019-07-12 07:15:00,3.31,13.3,507.08,10.174,319.42,7.728,1.74726
"178",2019-07-12 07:30:00,3.34,13.4,504.43,11.682,314.98,8.406,1.74789
"179",2019-07-12 07:45:00,3.4,13.6,510.72,11.298,317.73,7.946,1.74789
"180",2019-07-12 08:00:00,3.3,14.2,503.1,9.006,315.67,9.699,1.74851
"181",2019-07-12 08:15:00,3.33,14.7,502.81,9.745,313.99,9.277,1.74864
"182",2019-07-12 08:30:00,3.29,15.2,504.39,7.56,317.54,11.222,1.74876
"183",2019-07-12 08:45:00,3.1,15.5,489.71,10.387,313.61,8.611,1.74935
"184",2019-07-12 09:00:00,3.03,15.8,483.52,9.349,311.47,6.489,1.74968
"185",2019-07-12 09:15:00,2.96,16,477.49,7.54,309.63,5.173,1.74964
"186",2019-07-12 09:30:00,2.82,16.4,468.23,6.615,308.21,6.834,1.74993
"187",2019-07-12 09:45:00,2.83,16.8,467,9.846,306.31,10.999,1.75039
"188",2019-07-12 10:00:00,2.66,17.6,450.89,8.085,299.9,10.995,1.75047
"189",2019-07-12 10:15:00,2.57,18.2,447.32,5.759,301.46,7.285,1.75114
"190",2019-07-12 10:30:00,2.46,19.2,438.01,8.363,298.45,7.646,1.75118
"191",2019-07-12 10:45:00,2.29,20.7,430.84,6.478,301.09,6.766,1.7528
"192",2019-07-12 11:00:00,2.29,21.6,428.41,7.102,298.37,6.438,1.75343
"193",2019-07-12 11:15:00,2.22,21.4,425.88,6.565,299.62,5.464,1.75364
"194",2019-07-12 11:20:43,0,0,0,0,0,0,2
"195",2019-07-12 11:23:39,0,0,0,0,0,0,2
"196",2019-07-12 11:30:00,2.17,22.4,421.25,9.384,297.98,6.071,1.75472
"197",2019-07-12 11:45:00,1.99,21.7,413.14,6.615,299.92,5.488,1.75414
"198",2019-07-12 12:00:00,3.41,22.3,489.32,6.758,295.86,3.999,1.75447
"199",2019-07-12 12:15:00,3.12,22.7,483.69,9.959,306.6,9.601,1.75514
"200",2019-07-12 12:30:00,2.99,23.2,473.35,6.747,303.62,9.907,1.75518
"201",2019-07-12 12:40:00,0,0,0,0,0,0,2
"202",2019-07-12 12:45:00,1.55,23.7,385.09,5.531,296.82,7.254,1.75585
"203",2019-07-12 12:50:00,1.58,24,380.11,4.239,290.55,4.095,1.75576
"204",2019-07-12 12:55:00,1.53,24,378.66,4.282,291.67,2.775,1.75614
"205",2019-07-12 13:00:00,1.49,24,373.37,7.101,288.95,5.712,1.75597
"206",2019-07-12 13:05:00,2.57,24.1,434.35,7.696,288.39,5.613,1.75589
"207",2019-07-12 13:10:00,2.99,24.2,463.53,7.802,294.01,7.691,1.75614
"208",2019-07-12 13:15:00,2.9,24.3,459.45,7.114,294.67,7.065,1.75647
"209",2019-07-12 13:20:00,2.72,24.1,455,8.702,300.52,10.259,1.75647
"210",2019-07-12 13:25:00,2.7,24,449.81,9.122,296.41,7.835,1.7561
"211",2019-07-12 13:30:00,2.68,24,450,6.037,297.61,6.794,1.75635
"212",2019-07-12 13:35:00,2.86,24.3,452.9,9.309,290.34,8.715,1.75643
"213",2019-07-12 13:40:00,2.63,24.4,444.33,9.101,294.86,6.885,1.75643
"214",2019-07-12 13:45:00,2.56,24.5,442.47,5.246,297.35,8.248,1.75601
"215",2019-07-12 13:50:00,2.66,24.9,440.4,8.842,289.51,5.741,1.75672
"216",2019-07-12 13:55:00,2.62,24.9,441.89,5.143,293.11,8.113,1.7566
"217",2019-07-12 14:00:00,2.55,25.1,435.1,7.539,290.41,6.59,1.75685
"218",2019-07-12 14:05:00,2.58,25.2,441.1,9.31,294.45,6.181,1.75705
"219",2019-07-12 14:10:00,2.41,25.1,432.25,8.141,295.44,4.408,1.7571
"220",2019-07-12 14:15:00,2.38,25,427.46,6.082,292.54,6.552,1.75693
"221",2019-07-12 14:20:00,2.53,25.1,433.21,9.259,289.34,8.984,1.75718
"222",2019-07-12 14:25:00,2.53,25,439.17,7.104,295.74,6.533,1.75689
"223",2019-07-12 14:30:00,2.4,24.9,428.39,7.385,292.12,6.624,1.75705
"224",2019-07-12 14:35:00,2.48,24.9,432.73,6.673,291.94,7.797,1.75697
"225",2019-07-12 14:40:00,2.45,24.8,429.27,7.661,290.28,6.751,1.75697
"226",2019-07-12 14:45:00,2.3,24.7,423.92,8.655,293.46,6.046,1.75668
"227",2019-07-12 14:50:00,2.4,24.6,427.82,7.385,291.69,4.633,1.75701
"228",2019-07-12 14:55:00,2.38,24.7,425.2,7.252,289.96,5.995,1.75672
"229",2019-07-12 15:00:00,2.26,24.7,418.48,7.013,290.31,6.603,1.75685
"230",2019-07-12 15:05:00,2.25,24.7,418.85,4.53,291.17,7.24,1.75668
"231",2019-07-12 15:10:00,2.25,24.7,419.22,6.294,291.42,7.375,1.75685
"232",2019-07-12 15:15:00,2.66,24.6,441.29,8.504,290.26,3.592,1.7568
"233",2019-07-12 15:20:00,2.47,24.5,432.24,10.333,292.09,5.352,1.75672
"234",2019-07-12 15:25:00,2.44,24.4,433.06,5.244,294.34,5.834,1.75647
"235",2019-07-12 15:30:00,2.35,24.4,427.07,7.472,293.55,8.744,1.75664
"236",2019-07-12 15:35:00,2.52,24.2,437.31,6.653,294.12,7.079,1.75639
"237",2019-07-12 15:40:00,2.49,24.1,433.65,5.829,292.17,6.452,1.7561
"238",2019-07-12 15:45:00,2.38,23.9,427.92,6.286,292.66,7.324,1.75589
"239",2019-07-12 15:50:00,2.28,23.8,417.31,7.826,287.77,5.875,1.7556
"240",2019-07-12 15:55:00,2.36,23.6,423.87,8.251,289.82,7.713,1.75564
"241",2019-07-12 16:00:00,2.35,23.3,422.85,9.402,289.51,9.035,1.75535
"242",2019-07-12 16:05:00,1.94,23.1,397.79,5.78,287.93,5.107,1.75485
"243",2019-07-12 16:10:00,1.62,22.8,377.82,9.22,285.94,5.94,1.75464
"244",2019-07-12 16:15:00,1.49,22.6,370.1,1.975,285.42,5.646,1.75443
"245",2019-07-12 16:19:55,0,0,0,0,0,0,2
"246",2019-07-12 16:21:05,0,0,0,0,0,0,2
"247",2019-07-12 16:21:09,0,0,0,0,0,0,2
"248",2019-07-12 16:22:16,0,0,0,0,0,0,1
"249",2019-07-12 16:30:00,1.54,21.5,372.16,6.333,284.51,2.779,1.75318
"250",2019-07-12 16:45:00,1.77,20.8,387.7,4.717,287.4,3.935,1.75276
"251",2019-07-12 17:00:00,1.67,20,380.81,5.29,286.16,4.707,1.75189
"252",2019-07-12 17:15:00,1.71,19.4,385.72,6.531,288.91,6.362,1.75143
"253",2019-07-12 17:30:00,1.72,18.8,390.35,10.414,292.48,3.627,1.75101
"254",2019-07-12 17:45:00,1.83,18,396.41,5.997,292.56,4.434,1.75005
"255",2019-07-12 18:00:00,1.79,17.3,394.72,4.002,292.89,4.258,1.7491
"256",2019-07-12 18:15:00,2.03,16.4,409.02,8.946,293.53,4.37,1.74905
"257",2019-07-12 18:30:00,1.99,15.8,406.61,4.993,293.38,5.046,1.74822
"258",2019-07-12 18:45:00,1.96,15.2,407.5,7.89,296.23,6.319,1.74772
"259",2019-07-12 19:00:00,2.15,14.9,419.71,8.476,297.56,5.765,1.74764
"260",2019-07-12 19:15:00,2.11,14.6,418.4,8.918,298.74,6.524,1.7476
"261",2019-07-12 19:30:00,2.22,14.3,426.31,7.962,300.16,5.354,1.74747
"262",2019-07-12 19:45:00,2.18,14.2,424.44,8.025,300.67,8.242,1.74734
"263",2019-07-12 20:00:00,2.17,14,425.19,6.481,301.86,5.929,1.74734
"264",2019-07-12 20:15:00,2.29,13.9,432.13,7.232,302.21,6.522,1.74739
"265",2019-07-12 20:30:00,2.32,13.8,435.08,8.081,303.45,5.616,1.74709
"266",2019-07-12 20:45:00,2.36,13.8,440.57,6.831,306.6,6.723,1.74714
"267",2019-07-12 21:00:00,2.34,13.8,437.16,5.969,304.37,6.384,1.74734
"268",2019-07-12 21:15:00,2.37,13.7,437.9,7.069,303.56,5.883,1.74739
"269",2019-07-12 21:30:00,2.45,13.6,445.93,7.307,306.66,6.234,1.74768
"270",2019-07-12 21:45:00,2.54,13.5,451.57,9.97,307.16,4.699,1.74747
"271",2019-07-12 22:00:00,2.53,13.5,451.49,7.427,307.86,6.927,1.74734
"272",2019-07-12 22:15:00,2.41,13.5,448.28,7.839,311.2,8.427,1.74734
"273",2019-07-12 22:30:00,2.53,13.5,453.47,8.521,309.75,6.826,1.74747
"274",2019-07-12 22:45:00,2.68,13.5,464.38,10.515,312.02,7.209,1.7478
"275",2019-07-12 23:00:00,2.72,13.6,466.66,9.926,312.17,6.716,1.7478
"276",2019-07-12 23:15:00,2.72,13.5,465.74,9.09,311.18,8.002,1.74785
"277",2019-07-12 23:30:00,2.65,13.5,462.94,9.814,312.59,10.276,1.74797
"278",2019-07-12 23:45:00,2.54,13.4,455.7,7.004,311.4,7.647,1.7476
"279",2019-07-13 00:00:00,2.56,13.4,461.4,8.19,316.04,7.773,1.74764
"280",2019-07-13 00:15:00,2.67,13.4,467.22,7.32,315.49,7.342,1.7478
"281",2019-07-13 00:30:00,2.61,13.5,461.97,9.132,313.51,6.288,1.7478
"282",2019-07-13 00:45:00,2.75,13.5,469.01,11.108,313.1,7.074,1.74785
"283",2019-07-13 01:00:00,2.8,13.4,472.58,10.057,313.58,7.237,1.74776
"284",2019-07-13 01:15:00,2.81,13.4,473.91,9.65,314.55,7.672,1.7481
"285",2019-07-13 01:30:00,2.68,13.3,466.61,8.582,314.31,9.126,1.7478
"286",2019-07-13 01:45:00,2.72,13.3,466.66,9.414,311.99,7.723,1.74755
"287",2019-07-13 02:00:00,2.68,13.2,464.51,7.863,312.38,7.432,1.74772
"288",2019-07-13 02:15:00,2.73,13.2,466.6,8.854,311.42,7.931,1.7476
"289",2019-07-13 02:30:00,2.56,13.2,459.95,7.686,314.5,8.634,1.74764
"290",2019-07-13 02:45:00,2.68,13.1,466.8,8.235,314.37,7.453,1.74743
"291",2019-07-13 03:00:00,2.6,13.1,461.42,10.972,313.77,5.237,1.7476
"292",2019-07-13 03:15:00,2.33,12.8,442.04,7.575,309.93,6.743,1.74643
"293",2019-07-13 03:30:00,2.47,12.6,448.87,7.037,308.61,7.987,1.74668
"294",2019-07-13 03:45:00,2.49,12.5,451.72,9.838,310.08,7.323,1.74664
"295",2019-07-13 04:00:00,2.49,12.6,455.07,7.322,313.91,6.799,1.74701
"296",2019-07-13 04:15:00,2.51,12.6,457.02,9.078,314.5,8.616,1.7468
"297",2019-07-13 04:30:00,2.43,12.6,452.22,6.902,314.31,6.09,1.74685
"298",2019-07-13 04:45:00,2.4,12.6,448.07,8.113,311.76,7.89,1.74693
"299",2019-07-13 05:00:00,2.43,12.5,450.03,9.077,312.09,7.002,1.74701
"300",2019-07-13 05:15:00,2.32,12.4,444.9,7.163,313.21,7.556,1.74664
"301",2019-07-13 05:30:00,2.28,12.2,440.25,4.791,310.85,7.549,1.74634
"302",2019-07-13 05:45:00,2.26,12.1,437.48,6.996,309.23,4.475,1.74626
"303",2019-07-13 06:00:00,2.23,11.9,437.21,6.784,310.72,7.103,1.74593
"304",2019-07-13 06:15:00,2.36,11.9,444.9,8.625,311.13,7.263,1.7461
"305",2019-07-13 06:30:00,2.34,12,447.38,6.96,314.74,5.304,1.74651
"306",2019-07-13 06:45:00,2.28,12.2,444.22,9.129,314.52,4.818,1.74622
"307",2019-07-13 07:00:00,2.3,12.4,442.46,6.807,312.02,7.902,1.7468
"308",2019-07-13 07:15:00,2.27,12.5,439.39,8.205,310.23,7.867,1.74689
"309",2019-07-13 07:30:00,2.2,12.7,438.87,7.941,313.69,6.894,1.74739
"310",2019-07-13 07:45:00,2.27,13,436.22,5.888,307.59,8.325,1.74709
"311",2019-07-13 08:00:00,2.1,13.4,430.22,6.175,310.78,4.321,1.74764
"312",2019-07-13 08:15:00,2.21,13.7,431.92,4.978,306.71,5.875,1.7481
"313",2019-07-13 08:30:00,2.11,13.9,429.72,7.029,310.18,5.722,1.74822
"314",2019-07-13 08:45:00,2.06,14.3,424.29,6.988,307.38,8.221,1.74826
"315",2019-07-13 09:00:00,2.04,14.7,421.78,3.511,305.95,6.845,1.7486
"316",2019-07-13 09:15:00,2,14.9,420.5,4.752,307.2,3.605,1.74893
"317",2019-07-13 09:30:00,2,15.2,413.62,3.099,300.25,4.819,1.74897
"318",2019-07-13 09:45:00,1.89,15.6,409.95,6.497,302.59,5.719,1.74939
"319",2019-07-13 10:00:00,1.85,16,410.74,8.075,305.77,5,1.74968
"320",2019-07-13 10:15:00,1.83,16,406.25,7.181,302.51,6.77,1.7496
"321",2019-07-13 10:30:00,1.82,16.2,404.83,5.456,301.4,5.689,1.74989
"322",2019-07-13 10:45:00,1.75,16.6,399.44,6.346,299.88,5.577,1.7501
"323",2019-07-13 11:00:00,1.78,17.8,395.01,6.493,293.79,6.018,1.75055
"324",2019-07-13 11:15:00,1.63,18.2,392.13,3.882,299.81,6.362,1.75105
"325",2019-07-13 11:30:00,1.52,18.1,385.19,5.578,299.09,5.75,1.75089
"326",2019-07-13 11:45:00,1.48,17.9,379.05,3.47,294.91,3.779,1.75089
"327",2019-07-13 12:00:00,1.54,18.6,378.51,4.776,291.16,5.039,1.75139
"328",2019-07-13 12:15:00,1.45,18.7,377.98,2.103,295.71,5.616,1.75155
"329",2019-07-13 12:30:00,1.44,19.1,374.73,6.831,292.99,5.838,1.75197
"330",2019-07-13 12:45:00,1.41,19.3,372.13,4.289,291.93,4.3,1.75214
"331",2019-07-13 13:00:00,1.43,19,372.95,2.279,291.82,3.484,1.7518
"332",2019-07-13 13:15:00,1.4,19.2,370.39,7.52,291.16,3.798,1.7521
"333",2019-07-13 13:30:00,1.41,19.1,371.55,5.175,291.21,4.753,1.75235
"334",2019-07-13 13:45:00,1.44,19.6,366.17,3.29,284.42,6.061,1.75239
"335",2019-07-13 14:00:00,1.39,19.8,366.44,4.798,287.52,5.498,1.75276
"336",2019-07-13 14:15:00,1.29,19.8,363.11,6.657,290.01,3.414,1.75268
"337",2019-07-13 14:30:00,1.16,19.2,356.6,3.14,290.92,3.558,1.75193
"338",2019-07-13 14:45:00,1.24,19,358.49,4.728,287.87,5.375,1.75201
"339",2019-07-13 15:00:00,1.3,19,359.52,3.325,285.65,4.579,1.75235
"340",2019-07-13 15:15:00,1.24,19.5,361.08,5.579,290.47,2.776,1.75239
"341",2019-07-13 15:30:00,1.12,19.7,355.64,4.015,291.91,5.505,1.75235
"342",2019-07-13 15:45:00,1.19,19.8,359.3,4.815,291.52,4.344,1.75264
"343",2019-07-13 16:00:00,1.23,19.5,359.73,6.197,289.69,3.837,1.75247
"344",2019-07-13 16:15:00,1.27,19.1,361.85,6.633,289.81,2.156,1.75185
"345",2019-07-13 16:30:00,1.24,18.4,361.86,4.397,291.36,5.437,1.75118
"346",2019-07-13 16:45:00,1.25,17.8,361.66,5.763,290.62,2.24,1.75055
"347",2019-07-13 17:00:00,1.25,17.1,362.02,5.205,290.88,4.673,1.74997
"348",2019-07-13 17:15:00,1.21,16.5,363.95,3.824,295.29,4.426,1.74943
"349",2019-07-13 17:30:00,1.28,16,369.16,4.417,296.49,3.759,1.74897
"350",2019-07-13 17:45:00,1.3,15.6,371.18,4.217,297.62,5.468,1.74876
"351",2019-07-13 18:00:00,1.34,15,374.7,4.357,298.73,3.728,1.7481
"352",2019-07-13 18:15:00,1.41,14.6,379.71,3.95,299.91,3.353,1.74764
"353",2019-07-13 18:30:00,1.44,14.3,382.95,5.913,300.99,3.356,1.74789
"354",2019-07-13 18:45:00,1.47,14.1,384.75,7.233,301.39,4.442,1.74751
"355",2019-07-13 19:00:00,1.55,13.9,389.27,5.524,301.11,5.163,1.74768
"356",2019-07-13 19:15:00,1.6,13.8,394.73,5.4,303.96,5.81,1.74755
"357",2019-07-13 19:30:00,1.67,13.6,399.62,5.857,304.78,5.074,1.74755
"358",2019-07-13 19:45:00,1.63,13.5,399.07,6.723,306.68,5.902,1.7473
"359",2019-07-13 20:00:00,1.76,13.4,404.44,7.063,304.46,4.839,1.74755
"360",2019-07-13 20:15:00,1.79,13.3,409.74,4.937,308.19,6.154,1.74722
"361",2019-07-13 20:30:00,1.84,13.3,412.33,7.278,308.13,6.287,1.74714
"362",2019-07-13 20:45:00,1.88,13.3,415.57,4.083,308.68,5.681,1.74734
"363",2019-07-13 21:00:00,1.91,13.3,417.66,5.159,308.97,5.771,1.74743
"364",2019-07-13 21:15:00,1.88,13.2,415.85,5.199,308.84,4.604,1.74747
"365",2019-07-13 21:30:00,1.88,13.2,418.03,7.357,311.11,7.393,1.74764
"366",2019-07-13 21:45:00,1.95,13.1,422.14,6.07,311.15,4.96,1.7473
"367",2019-07-13 22:00:00,2.01,13.1,421.12,6.567,307.05,6.164,1.74743
"368",2019-07-13 22:15:00,1.98,13,422.06,5.816,309.65,6.68,1.7476
"369",2019-07-13 22:30:00,2.06,13,425.78,8.386,308.74,6.708,1.74739
"370",2019-07-13 22:45:00,2.06,13,428.29,7.83,311.16,7.097,1.7476
"371",2019-07-13 23:00:00,2.2,13,435.26,7.917,310.3,7.448,1.74718
"372",2019-07-13 23:15:00,2.13,12.9,433.01,8.786,312.22,7.225,1.74751
"373",2019-07-13 23:30:00,2.14,12.9,435.36,9.82,313.94,4.676,1.74739
"374",2019-07-13 23:45:00,2.03,12.9,428.02,7.231,312.91,5.738,1.74709
"375",2019-07-14 00:00:00,2.09,12.8,429.25,4.616,310.34,6.76,1.74693
"376",2019-07-14 00:15:00,2.12,12.7,429.49,6.994,309.25,7.447,1.74672
"377",2019-07-14 00:30:00,2.04,12.5,427.46,6.579,311.55,8.037,1.7466
"378",2019-07-14 00:45:00,2.03,12.4,428.78,6.599,313.53,4.079,1.7468
"379",2019-07-14 01:00:00,2.03,12.2,426.04,8.079,310.56,6.843,1.7463
"380",2019-07-14 01:15:00,2.03,12.1,426.31,8.999,310.79,5.78,1.74626
"381",2019-07-14 01:30:00,2.03,12,425.37,5.801,310.38,4.994,1.74622
"382",2019-07-14 01:45:00,2.12,12,431.62,4.813,311.1,4.287,1.74655
"383",2019-07-14 02:00:00,2.11,12.1,432.52,7.577,312.68,6.442,1.74634
"384",2019-07-14 02:15:00,2.23,12.1,437.89,7.378,311.29,6.462,1.74697
"385",2019-07-14 02:30:00,2.22,12.2,438.71,5.926,312.71,7.23,1.74693
"386",2019-07-14 02:45:00,2.3,12.2,443.16,7.92,312.39,6.905,1.74689
"387",2019-07-14 03:00:00,2.3,12.3,443.26,6.637,312.81,4.581,1.74693
"388",2019-07-14 03:15:00,2.26,12.4,445.17,5.216,317.05,6.06,1.74701
"389",2019-07-14 03:30:00,2.32,12.5,446.53,10.172,314.65,6.584,1.7473
"390",2019-07-14 03:45:00,2.35,12.5,447.56,6.091,314.08,6.574,1.74722
"391",2019-07-14 04:00:00,2.33,12.6,448.7,5.55,316.25,6.506,1.74718
"392",2019-07-14 04:15:00,2.29,12.6,444.08,5.731,314.3,6.193,1.74739
"393",2019-07-14 04:30:00,2.18,12.7,439.2,5.072,315.28,7.691,1.74734
"394",2019-07-14 04:45:00,2.11,12.7,437.51,8.512,317.5,5.384,1.74734
"395",2019-07-14 05:00:00,2.08,12.6,429.83,7.185,311.56,4.998,1.74718
"396",2019-07-14 05:15:00,2.05,12.5,429.95,4.806,313.57,8.316,1.74726
"397",2019-07-14 05:30:00,2.05,12.5,429.45,7.319,312.9,4.741,1.74701
"398",2019-07-14 05:45:00,2.07,12.5,431.05,4.202,313.4,4.696,1.74718
"399",2019-07-14 06:00:00,2.03,12.4,428.07,8.469,312.59,7.151,1.74714
"400",2019-07-14 06:15:00,1.99,12.4,424.74,7.135,311.95,5.732,1.74693
"401",2019-07-14 06:30:00,1.98,12.4,424.31,7.192,311.89,3.764,1.74709
"402",2019-07-14 06:45:00,1.99,12.5,426.23,8.67,313.13,5.303,1.74709
"403",2019-07-14 07:00:00,2.07,12.6,430.18,6.476,312.48,8.882,1.74709
"404",2019-07-14 07:15:00,2.07,12.8,431.37,6.492,313.58,6.542,1.7476
"405",2019-07-14 07:30:00,2.04,13,429.79,6.062,313.97,3.941,1.7476
"406",2019-07-14 07:45:00,1.95,13.2,424.23,5.059,313.76,6.231,1.74768
"407",2019-07-14 08:00:00,1.87,13.2,416.39,5.707,310.45,5.033,1.74789
"408",2019-07-14 08:15:00,1.68,13.3,400.93,5.824,305.31,4.928,1.74801
"409",2019-07-14 08:30:00,1.62,13.3,402.19,6.832,310.22,6.045,1.74822
"410",2019-07-14 08:45:00,1.54,13.3,396.25,4.952,308.54,6.361,1.74801
"411",2019-07-14 09:00:00,1.49,13.2,387.79,7.239,303.09,5.342,1.74768
"412",2019-07-14 09:15:00,1.46,12.9,385.82,3.719,302.83,6.652,1.74772
"413",2019-07-14 09:30:00,1.37,12.9,380.67,3.556,302.73,4.248,1.7478
"414",2019-07-14 09:45:00,1.48,13.5,388.88,5.751,305.12,4.228,1.74805
"415",2019-07-14 10:00:00,1.44,13.8,385.47,4.799,303.83,5.953,1.74859
"416",2019-07-14 10:15:00,1.29,13.9,376.63,3.166,303.22,4.456,1.74826
"417",2019-07-14 10:30:00,1.53,14.1,387.59,6.461,300.54,3.794,1.7486
"418",2019-07-14 10:45:00,1.5,14.7,388.32,5.606,302.9,3.106,1.74922
"419",2019-07-14 11:00:00,1.37,15,381.58,3.229,303.64,3.872,1.74885
"420",2019-07-14 11:15:00,1.44,15.2,382.62,7.827,300.8,5.596,1.74951
"421",2019-07-14 11:30:00,1.64,15,394.34,5.867,301.07,4.487,1.74897
"422",2019-07-14 11:45:00,1.54,15.2,380.98,6.596,293.72,4.1,1.74918
"423",2019-07-14 12:00:00,1.74,15.4,397.64,6.451,298.93,4.957,1.74972
"424",2019-07-14 12:15:00,1.95,15.7,410.98,3.827,300.01,4.922,1.7496
"425",2019-07-14 12:30:00,1.9,15.8,408.75,6.69,301.02,5.252,1.74989
"426",2019-07-14 12:45:00,1.54,15.9,391.29,7.302,303.57,3.924,1.74989
"427",2019-07-14 13:00:00,1.56,15.8,391.18,3.948,302.68,6.283,1.7498
"428",2019-07-14 13:15:00,1.19,15.6,369.1,3.254,301.59,6.545,1.74993
"429",2019-07-14 13:30:00,1.11,15.4,365.09,2.273,301.9,2.207,1.7498
"430",2019-07-14 13:45:00,1.1,15.3,361.98,4.059,299.31,3.837,1.74968
"431",2019-07-14 14:00:00,0.96,15.1,356.74,4.094,302.11,3.443,1.7493
"432",2019-07-14 14:15:00,0.8,15,347.1,2.009,301.48,2.511,1.74901
"433",2019-07-14 14:30:00,0.81,14.9,346.02,2.299,300.06,5.274,1.74935
"434",2019-07-14 14:45:00,0.94,14.9,355.77,2.392,302.4,4.179,1.74955
"435",2019-07-14 15:00:00,1.06,15.4,362.1,5.732,301.93,4.916,1.75026
"436",2019-07-14 15:15:00,1.26,15.4,376.95,5.57,305.38,5.091,1.74976
"437",2019-07-14 15:30:00,1.64,15.1,396.99,6.457,303.96,3.988,1.74951
"438",2019-07-14 15:45:00,2.01,15,417.54,7.958,303.64,5.601,1.74939
"439",2019-07-14 16:00:00,2.32,14.7,438.73,7.255,306.92,5.48,1.74918
"440",2019-07-14 16:15:00,2.43,14.5,447.55,9.57,309.74,6.497,1.74905
"441",2019-07-14 16:30:00,2.33,14.3,439.07,7.418,306.53,5.816,1.7488
"442",2019-07-14 16:45:00,2.32,14.1,442.19,7.698,310.5,6.543,1.74868
"443",2019-07-14 17:00:00,1.93,14,421.01,5.032,311.17,8.271,1.74851
"444",2019-07-14 17:15:00,1.71,13.8,403.16,4.578,306.18,5.512,1.74785
"445",2019-07-14 17:30:00,1.49,13.6,389.23,4.669,304.46,6.816,1.74789
"446",2019-07-14 17:45:00,1.7,13.4,400.01,3.645,303.45,5.105,1.74793
"447",2019-07-14 18:00:00,2.12,13.1,424.91,6.601,304.8,4.083,1.7476
"448",2019-07-14 18:15:00,2.38,12.8,444.21,5.7,308.96,6.94,1.74689
"449",2019-07-14 18:30:00,2.47,12.7,453.64,5.491,313.59,7.28,1.74709
"450",2019-07-14 18:45:00,2.58,12.6,459.94,8.405,313.63,6.861,1.74709
"451",2019-07-14 19:00:00,2.54,12.7,460.65,5.931,316.32,8.385,1.7473
"452",2019-07-14 19:15:00,2.36,12.7,449.68,9.069,315.5,7.15,1.74726
"453",2019-07-14 19:30:00,2.38,12.6,449.76,7.821,314.86,5.014,1.74709
"454",2019-07-14 19:45:00,2.39,12.6,451.7,10.512,316.03,5.997,1.74764
"455",2019-07-14 20:00:00,2.28,12.6,448.31,8.683,318.81,7.047,1.74726
"456",2019-07-14 20:15:00,2.39,12.6,448.54,7.6,312.99,5.843,1.74743
"457",2019-07-14 20:30:00,2.31,12.7,445.48,7.705,314.32,6.628,1.74764
"458",2019-07-14 20:45:00,2.28,12.7,444.13,4.438,314.64,6.819,1.7473
"459",2019-07-14 21:00:00,2.18,12.7,438.93,7.589,314.96,7.92,1.7473
"460",2019-07-14 21:15:00,2.35,12.7,446.82,8.069,313.14,5.176,1.74743
"461",2019-07-14 21:30:00,2.3,12.6,447.75,8.327,317.41,5.252,1.74747
"462",2019-07-14 21:45:00,2.39,12.7,451.28,6.901,315.48,5.751,1.74734
"463",2019-07-14 22:00:00,2.27,12.6,443.93,8.778,314.87,6.502,1.74772
"464",2019-07-14 22:15:00,2.34,12.5,447.42,9.275,314.81,4.733,1.74726
"465",2019-07-14 22:30:00,2.3,12.5,446.68,7.83,315.92,9.496,1.74743
"466",2019-07-14 22:45:00,2.35,12.4,449.21,7.719,315.98,6.53,1.74709
"467",2019-07-14 23:00:00,2.43,12.3,454.24,9.236,316.07,5.708,1.74709
"468",2019-07-14 23:15:00,2.42,12.2,453.73,7.826,316.26,6.676,1.74726
"469",2019-07-14 23:30:00,2.37,12.3,452.42,5.258,317.84,7.033,1.74726
"470",2019-07-14 23:45:00,2.51,12.3,457.75,8.741,315.38,6.427,1.74714
"471",2019-07-15 00:00:00,2.37,12.3,448.59,6.199,314.24,8.577,1.7473
"472",2019-07-15 00:15:00,2.41,12.3,452.61,5.681,315.66,9.851,1.74701
"473",2019-07-15 00:30:00,2.52,12.3,461.01,8.705,317.85,7.846,1.7473
"474",2019-07-15 00:45:00,2.42,12.3,454.11,7.795,316.7,6.372,1.74726
"475",2019-07-15 01:00:04,0,0,0,0,0,0,1
"476",2019-07-15 01:00:54,0,0,0,0,0,0,1
"477",2019-07-15 01:15:00,2.57,11.9,456.4,9.11,310.32,4.097,1.74651
"478",2019-07-15 01:30:00,2.51,11.8,458.12,9.33,315.82,7.966,1.7466
"479",2019-07-15 01:45:00,2.54,11.9,459.6,9.191,315.4,7.744,1.74655
"480",2019-07-15 02:00:00,2.53,12,458.67,8.91,314.75,5.835,1.74668
"481",2019-07-15 02:15:00,2.49,12,459.41,9.494,317.84,5.979,1.74701
"482",2019-07-15 02:30:00,2.52,12,456.78,6.764,313.65,8.369,1.74701
"483",2019-07-15 02:45:00,2.48,12,455.69,4.422,314.68,5.482,1.74693
"484",2019-07-15 03:00:00,2.55,12.1,459.28,5.222,314.73,8.656,1.74685
"485",2019-07-15 03:15:00,2.51,11.9,458.38,11.199,315.86,6.863,1.74668
"486",2019-07-15 03:30:00,2.5,11.6,457.55,8.784,315.7,9.881,1.7463
"487",2019-07-15 03:45:00,2.55,11.6,460.28,6.855,315.32,7.284,1.74622
"488",2019-07-15 04:00:00,2.61,11.7,461.86,8.967,313.68,8.764,1.74647
"489",2019-07-15 04:15:00,2.76,11.8,474.53,6.177,317.74,9.151,1.74685
"490",2019-07-15 04:30:00,2.81,11.9,477.13,11.272,317.66,8.733,1.74697
"491",2019-07-15 04:45:00,3.1,12,492.99,9.872,316.96,6.6,1.74709
"492",2019-07-15 05:00:00,3.32,11.9,506.38,11.053,318.12,8.252,1.74689
"493",2019-07-15 05:15:00,3.72,11.7,534.18,9.442,323,8.018,1.74647
"494",2019-07-15 05:30:00,3.86,11.6,546.92,11.368,327.68,12.564,1.74664
"495",2019-07-15 05:45:00,4.05,11.5,555.21,14.402,325.32,9.468,1.7463
"496",2019-07-15 06:00:00,3.87,11.4,545.71,11.66,325.96,11.149,1.74622
"497",2019-07-15 06:15:00,3.85,11.4,546.83,11.953,328.28,10.157,1.74634
"498",2019-07-15 06:30:00,3.91,11.5,551.68,13.729,329.73,11.692,1.74651
"499",2019-07-15 06:45:00,3.83,11.6,542.87,11.491,325.17,11.269,1.7468
"500",2019-07-15 07:00:00,3.8,11.7,542.71,12.64,327.18,11.908,1.74672
"501",2019-07-15 07:15:00,3.68,11.9,536.8,11.481,327.94,11.067,1.74726
"502",2019-07-15 07:30:00,3.5,12.1,524.03,8.337,325.56,10.763,1.74726
"503",2019-07-15 07:45:00,3.43,12.2,521.07,9.198,326.17,11.139,1.74747
"504",2019-07-15 08:00:00,3.44,12.5,521.33,9.79,326.19,11.617,1.74739
"505",2019-07-15 08:15:00,3.4,12.8,512.36,10.392,319.13,10.075,1.74785
"506",2019-07-15 08:30:00,3.2,12.9,502.3,12.796,320.79,10.729,1.7483
"507",2019-07-15 08:45:00,3.19,13.4,497.6,10.075,316.34,11.427,1.74805
"508",2019-07-15 09:00:00,3.2,13.8,497.72,10.719,316.24,9.354,1.74876
"509",2019-07-15 09:15:00,2.96,14,484.86,9.852,316.58,8.138,1.74897
"510",2019-07-15 09:30:00,2.82,14,473.07,9.904,313.01,10.624,1.74876
"511",2019-07-15 09:45:00,2.63,14,460.45,6.873,311.04,7.488,1.7488
"512",2019-07-15 10:00:00,2.52,14,449.63,9.584,306.81,7.3,1.74897
"513",2019-07-15 10:15:00,2.53,14,450.6,6.774,306.69,9.014,1.74851
"514",2019-07-15 10:30:00,2.41,14,444.46,9.161,307.53,7.243,1.74885
"515",2019-07-15 10:45:00,2.43,14,441.06,9.126,302.81,7.257,1.74868
"516",2019-07-15 11:00:00,2.52,14.2,450.57,6.774,307.29,6.337,1.74905
"517",2019-07-15 11:18:16,0,0,0,0,0,0,2
"518",2019-07-15 11:22:53,0,0,0,0,0,0,1
"519",2019-07-15 11:30:00,2.05,14.8,423.14,7.67,306.85,8.818,1.7491
"520",2019-07-15 11:45:00,2.21,15.5,420.64,8.12,295.13,8.019,1.7496
"521",2019-07-15 12:00:00,1.98,16,413.97,3.784,301.29,5.718,1.7496
"522",2019-07-15 12:15:00,2.07,16.8,416.84,6.211,299.36,7.005,1.75047
"523",2019-07-15 12:30:00,2.07,16.5,419.57,8.775,302.18,6.856,1.7503
"524",2019-07-15 12:45:00,1.93,15.9,409.15,4.268,299.82,7.119,1.74985
"525",2019-07-15 13:00:00,1.74,15.4,393.69,5.93,294.81,3.185,1.74922
"526",2019-07-15 13:15:00,-0.06,15.1,302.64,2.573,306.08,1.848,1.74918
"527",2019-07-15 13:30:00,1.31,16.2,361.43,6.085,286.9,5.244,1.75018
"528",2019-07-15 13:45:00,2.11,17.5,402.79,5.344,283.27,6.138,1.75035
"529",2019-07-15 14:00:00,1.61,17.7,387.84,3.929,296.45,6.545,1.75047
"530",2019-07-15 14:15:00,1.44,16.6,377.55,4.216,295.79,5.33,1.74997
"531",2019-07-15 14:30:00,1.26,17.3,362.4,3.287,290.65,5.725,1.75076
"532",2019-07-15 14:45:00,1.1,17.3,352.3,1.876,289.94,3.421,1.75068
"533",2019-07-15 15:00:00,1.02,17.4,349.16,3.635,291.08,3.353,1.75093
"534",2019-07-15 15:15:00,0.98,17.1,343.32,6.117,287.81,2.38,1.75089
"535",2019-07-15 15:30:00,0.84,17,334.8,5.181,287.39,8.286,1.75047
"536",2019-07-15 15:45:00,0.82,17.2,338.59,2.498,291.93,4.933,1.7508
"537",2019-07-15 16:00:00,0.83,17.5,339.6,3.133,292.34,4.567,1.75118
"538",2019-07-15 16:15:00,0.84,17.2,340.2,2.423,292.47,3.289,1.75072
"539",2019-07-15 16:30:00,0.8,17,334.84,3.882,289.56,4.433,1.75072
"540",2019-07-15 16:45:00,0.87,18,339.27,2.365,289.68,3.148,1.75126
"541",2019-07-15 17:00:00,0.81,17.5,338.44,3.19,292.72,3.421,1.75135
"542",2019-07-15 17:15:00,0.81,16.5,338.34,2.287,292.61,3.138,1.75014
"543",2019-07-15 17:30:00,0.86,15.9,339.87,2.479,291.26,2.206,1.74976
"544",2019-07-15 17:45:00,0.8,15.4,336.85,3.299,291.6,4.922,1.74943
"545",2019-07-15 18:00:00,0.76,14.9,333.86,3.649,290.84,2.331,1.74851
"546",2019-07-15 18:15:00,0.87,14.3,342.64,3.805,293.44,2.081,1.74801
"547",2019-07-15 18:30:00,0.97,13.8,353.22,6.89,298.24,3.763,1.74768
"548",2019-07-15 18:45:00,0.99,13.4,362.73,5.705,306.52,2.952,1.74743
"549",2019-07-15 19:00:00,1.09,13,362.91,5.354,301.14,3.563,1.74714
"550",2019-07-15 19:15:00,1.04,12.8,356.17,4.016,296.91,4.002,1.74697
"551",2019-07-15 19:30:00,1.13,12.7,362.59,3.417,298.62,3.627,1.74722
"552",2019-07-15 19:45:00,1.16,12.5,364.22,6.112,298.21,5.834,1.74697
"553",2019-07-15 20:00:00,1.13,12.4,364.35,2.623,300.18,2.076,1.74701
"554",2019-07-15 20:15:00,1.28,12.2,373.23,6.128,300.62,3.7,1.74676
"555",2019-07-15 20:30:00,1.36,11.8,374.95,5.072,297.81,4.309,1.7463
"556",2019-07-15 20:45:00,1.36,11.4,380.91,5.584,303.77,3.34,1.74551
"557",2019-07-15 21:00:00,1.37,11,378.64,5.187,301.12,6.889,1.74505
"558",2019-07-15 21:15:00,1.38,10.8,379.02,5.46,300.43,4.368,1.7453
"559",2019-07-15 21:30:00,1.35,10.9,377.48,5.445,300.99,4.226,1.74514
"560",2019-07-15 21:45:00,1.37,10.6,377.9,4.758,300.31,4.353,1.74514
"561",2019-07-15 22:00:00,1.45,10.3,381.85,4.247,299.35,4.842,1.74447
"562",2019-07-15 22:15:00,1.46,10.1,384.55,7.544,301.39,4.022,1.74439
"563",2019-07-15 22:30:00,1.47,9.9,385.95,4.743,302.4,4.884,1.74393
"564",2019-07-15 22:45:00,1.59,9.9,390.77,5.113,300.37,4.473,1.74464
"565",2019-07-15 23:00:00,1.61,10,392.9,5.552,301.59,4.557,1.7448
"566",2019-07-15 23:15:00,1.61,10.1,395.12,6.918,303.6,5.724,1.7446
"567",2019-07-15 23:30:00,1.62,10.4,395.08,8.033,303.24,3.726,1.7453
"568",2019-07-15 23:45:00,1.62,10.6,393.39,4.732,301.58,6.026,1.74514
"569",2019-07-16 00:00:00,1.61,10.9,396.14,7.813,304.73,4.487,1.74597
"570",2019-07-16 00:15:00,1.62,11,395.51,6.18,303.59,6.3,1.74576
"571",2019-07-16 00:30:00,1.67,11.1,399.25,6.965,304.44,4.18,1.74589
"572",2019-07-16 00:45:00,1.69,11.1,398.05,7.942,301.95,5.286,1.74597
"573",2019-07-16 01:00:00,1.74,11.1,401.54,3.42,302.65,5.514,1.74584
"574",2019-07-16 01:15:00,1.79,11.1,404.4,7.411,302.75,4.859,1.74626
"575",2019-07-16 01:30:00,1.67,11,399.01,5.123,304.33,6.047,1.74584
"576",2019-07-16 01:45:00,1.67,11,400.84,5.856,305.99,5.698,1.74555
"577",2019-07-16 02:00:00,1.75,10.9,403.26,5.892,304.07,7.093,1.74597
"578",2019-07-16 02:15:00,1.81,10.9,406.95,6.989,304.13,6.837,1.74597
"579",2019-07-16 02:30:00,1.74,10.9,405.08,4.734,306.15,7.825,1.74572
"580",2019-07-16 02:45:00,1.82,10.8,406.35,6.37,303.15,4.667,1.74564
"581",2019-07-16 03:00:00,1.83,10.7,409.26,8.09,305.53,6.912,1.74597
"582",2019-07-16 03:15:00,1.83,10.8,408.59,4.641,304.77,6.527,1.74559
"583",2019-07-16 03:30:00,1.85,10.8,410.4,8.916,305.57,5.502,1.74597
"584",2019-07-16 03:45:00,1.85,10.8,407.57,6.989,302.73,6.9,1.74589
"585",2019-07-16 04:00:00,1.82,10.9,406.92,5.29,303.35,4.993,1.74597
"586",2019-07-16 04:15:00,1.87,11,410.57,7.498,304.4,4.67,1.7461
"587",2019-07-16 04:30:00,1.75,10.9,406.39,5.234,306.95,6.092,1.74597
"588",2019-07-16 04:45:00,1.76,10.9,405.65,6.894,305.58,7.558,1.74601
"589",2019-07-16 05:00:00,1.88,11,409.31,8.061,302.56,6.281,1.74634
"590",2019-07-16 05:15:00,1.87,11.1,412.79,6.329,306.37,3.587,1.74622
"591",2019-07-16 05:30:00,1.82,11.1,407.79,6.262,304.49,5.384,1.74651
"592",2019-07-16 05:45:00,1.86,11.2,407.97,7.043,302.08,5.945,1.7463
"593",2019-07-16 06:00:00,1.89,11.2,408.5,5.842,301.25,7.873,1.7461
"594",2019-07-16 06:15:00,1.83,11.3,408.9,6.258,304.84,3.18,1.74634
"595",2019-07-16 06:30:00,1.87,11.5,407.88,4.928,301.83,6.623,1.74672
"596",2019-07-16 06:45:00,1.83,11.6,409.23,5.424,305.14,3.98,1.74672
"597",2019-07-16 07:00:00,1.79,11.8,407.61,6.33,306.08,4.529,1.74651
"598",2019-07-16 07:15:00,1.83,12,407.54,5.227,303.9,6.595,1.7468
"599",2019-07-16 07:30:00,1.81,12.1,406.22,9.43,303.25,4.889,1.7473
"600",2019-07-16 07:45:00,1.75,12.3,402.32,5.897,303.15,4.294,1.74689
"601",2019-07-16 08:00:00,1.73,12.3,399.96,6.452,301.85,4.547,1.74718
"602",2019-07-16 08:15:00,1.75,12.5,401.84,5.459,302.48,7.097,1.74722
"603",2019-07-16 08:30:00,1.68,12.7,395.79,5.396,300.59,4.809,1.7473
"604",2019-07-16 08:45:00,1.66,13.1,392.36,5.333,297.92,3.881,1.7478
"605",2019-07-16 09:00:00,1.7,13.7,391.74,6.892,295.04,3.785,1.74822
"606",2019-07-16 09:15:00,1.6,14.8,384.72,6.243,293.85,5.132,1.74847
"607",2019-07-16 09:30:00,1.5,15.4,379.43,1.592,294.1,4.561,1.74889
"608",2019-07-16 09:45:00,1.44,15.5,376.34,3.067,294.45,4.214,1.74947
"609",2019-07-16 10:00:00,1.41,15.5,372.59,5.369,292.69,4.223,1.74943
"610",2019-07-16 10:15:00,1.48,15.5,378.56,4.73,294.29,4.271,1.7496
"611",2019-07-16 10:30:00,1.33,15.3,370.53,2.733,295.21,5.952,1.74943
"612",2019-07-16 10:45:00,1.39,15.2,373.46,4.976,294.29,4.276,1.74918
"613",2019-07-16 11:00:00,1.34,15.4,369.01,4.116,293.03,4.468,1.74951
"614",2019-07-16 11:15:00,1.36,15.7,367.72,5.272,290.78,3.116,1.74976
"615",2019-07-16 11:30:00,1.37,17,362.12,4.425,284.52,5.486,1.75043
"616",2019-07-16 11:45:00,1.2,18.4,353.56,4.426,285.56,5.004,1.75105
"617",2019-07-16 12:00:00,0.99,18.2,347.05,5.714,290.96,2.367,1.75122
"618",2019-07-16 12:15:00,1.04,17.3,348.14,4.441,288.86,1.976,1.75018
"619",2019-07-16 12:30:00,1.26,16.9,358.4,4.381,286.78,2.776,1.7503
"620",2019-07-16 12:45:00,1.07,16.6,350.72,0.836,289.69,3.777,1.75026
"621",2019-07-16 13:00:00,1.77,16.8,390.43,4.994,289.99,3.828,1.75068
"622",2019-07-16 13:17:42,0,0,0,0,0,0,2
"623",2019-07-16 13:19:32,0,0,0,0,0,0,1
"624",2019-07-16 13:20:00,1.51,18,373.18,5.532,287.64,6.215,1.7511
"625",2019-07-16 13:25:00,1.4,18.2,368.09,5.09,288.68,4.934,1.75126
"626",2019-07-16 13:30:00,1.35,18.5,364.3,7.869,287.77,5.135,1.7516
"627",2019-07-16 13:35:00,1.34,18.6,379.93,4.837,304.09,3.081,1.75164
"628",2019-07-16 13:40:00,1.33,19,364.07,4.092,288.37,5.123,1.75151
"629",2019-07-16 13:45:00,1.38,19.3,361.07,4.373,282.81,3.407,1.75185
"630",2019-07-16 13:50:00,1.37,19.4,359.74,4.231,282.12,4.187,1.75189
"631",2019-07-16 13:55:00,1.36,19.6,359.34,6.084,282.2,0.642,1.75201
"632",2019-07-16 14:00:00,1.31,19.5,358.17,5.182,283.85,3.554,1.75222
"633",2019-07-16 14:05:00,1.26,19.5,357.22,4.35,285.52,3.489,1.75218
"634",2019-07-16 14:10:00,1.25,19.5,354.76,4.201,283.73,2.553,1.75226
"635",2019-07-16 14:15:00,1.27,19.4,358.13,4.185,285.97,4.38,1.75222
"636",2019-07-16 14:20:00,1.65,19.3,380.48,5.406,287.05,2.496,1.75222
"637",2019-07-16 14:25:00,1.89,19.2,393.37,6.567,286.11,4.956,1.75222
"638",2019-07-16 14:30:00,1.82,19.1,392.13,4.325,288.96,2.703,1.75214
"639",2019-07-16 14:35:00,1.83,19,391.09,5.433,286.99,4.694,1.75251
"640",2019-07-16 14:40:00,1.83,19.2,388.34,4.424,284.2,5.882,1.75214
"641",2019-07-16 14:45:00,2.03,19.8,394.08,4.608,279.04,4.745,1.75201
"642",2019-07-16 14:50:00,1.95,19.8,397.86,1.942,287.24,4.68,1.75218
"643",2019-07-16 14:55:00,1.77,19.9,388.84,4.425,288.06,7.214,1.7521
"644",2019-07-16 15:00:00,1.68,20,381.23,4.928,285.85,6.927,1.75235
"645",2019-07-16 15:05:00,1.86,20.4,388.23,3.764,282.52,5.906,1.75255
"646",2019-07-16 15:10:00,1.85,20.5,387.62,4.091,282.77,5.386,1.75264
"647",2019-07-16 15:15:00,1.8,20.7,387.11,3.941,284.75,3.257,1.75268
"648",2019-07-16 15:20:00,1.8,20.8,385.75,5.332,283.36,3.061,1.75289
"649",2019-07-16 15:25:00,1.79,21,385.42,7.347,283.69,6.805,1.75326
"650",2019-07-16 15:30:00,1.74,21.1,383.09,5.203,284.47,3.24,1.75297
"651",2019-07-16 15:35:00,1.66,21.2,379.95,6.713,285.57,5.507,1.7533
"652",2019-07-16 15:40:00,1.79,21.4,384.31,4.5,282.63,6.725,1.75335
"653",2019-07-16 15:45:00,1.75,21.4,383.94,5.389,284.41,7.236,1.75314
"654",2019-07-16 15:50:00,1.81,21.4,385.38,4.868,282.84,2.86,1.75351
"655",2019-07-16 15:55:00,1.63,21.5,376.99,6.776,284.7,6.975,1.75364
"656",2019-07-16 16:00:00,1.58,21.4,374.17,5.186,284.71,5.744,1.75355
"657",2019-07-16 16:05:00,1.54,21.4,374.3,5.127,286.79,3.568,1.75326
"658",2019-07-16 16:10:00,1.58,21.3,373.56,3.416,283.89,5.938,1.7533
"659",2019-07-16 16:15:00,1.58,21.2,374.32,4.919,284.62,5.634,1.75347
"660",2019-07-16 16:20:00,1.51,21.1,370.15,3.553,284.64,4.15,1.75343
"661",2019-07-16 16:25:00,1.58,20.9,371.98,2.707,282.41,3.496,1.75289
"662",2019-07-16 16:30:00,1.61,20.6,377.13,5.777,285.74,4.084,1.75305
"663",2019-07-16 16:35:00,1.6,20.4,375.93,4.518,284.86,2.729,1.7528
"664",2019-07-16 16:40:00,1.7,20.2,381.51,7.144,284.94,3.215,1.75272
"665",2019-07-16 16:45:00,1.65,19.9,379.32,6.109,285.47,4.718,1.75251
"666",2019-07-16 16:50:00,1.61,19.7,377.79,6.179,286.49,4.595,1.75185
"667",2019-07-16 16:55:00,1.8,19.5,385.17,6.101,282.94,5.579,1.75197
"668",2019-07-16 17:00:00,1.69,19.2,383.03,4.527,286.97,4.706,1.75168
"669",2019-07-16 17:05:00,1.67,19,379.72,5.091,285.03,5.396,1.7518
"670",2019-07-16 17:10:00,1.62,18.8,377.89,4.62,286.14,4.657,1.75139
"671",2019-07-16 17:15:00,1.53,18.6,373.27,5.258,286.61,5.514,1.75135
"672",2019-07-16 17:20:00,1.58,18.4,375.58,5.023,286.03,6.243,1.75122
"673",2019-07-16 17:25:00,1.55,18.2,374.62,5.617,286.78,5.24,1.75097
"674",2019-07-16 17:30:00,1.56,18,372.64,5.594,284.09,3.685,1.75064
"675",2019-07-16 17:35:00,1.56,17.8,375.74,4.326,287.16,5.164,1.75051
"676",2019-07-16 17:40:00,1.7,17.7,381.02,5.023,284.22,3.249,1.75068
"677",2019-07-16 17:45:00,1.61,17.5,379.3,4.681,287.91,5.407,1.75064
"678",2019-07-16 17:50:00,1.63,17.4,379.85,4.985,287.09,6.238,1.75072
"679",2019-07-16 17:55:00,1.62,17.3,377.88,6.909,286.15,4.491,1.75043
"680",2019-07-16 18:00:00,1.72,17.1,384.08,5.136,286.7,4.311,1.75022
"681",2019-07-16 18:05:00,1.69,17,384.01,5.326,288.1,3.43,1.75018
"682",2019-07-16 18:10:00,1.7,16.8,383.36,6.238,286.55,6.965,1.74972
"683",2019-07-16 18:15:00,1.65,16.6,382.86,6.457,289.15,5.585,1.74964
"684",2019-07-16 18:20:00,1.7,16.4,385.79,6.37,289.27,5.342,1.74964
"685",2019-07-16 18:25:00,1.75,16.3,389.44,8.58,289.85,6.516,1.74955
"686",2019-07-16 18:30:00,1.91,16.1,397.97,3.046,289.8,7.486,1.7493
"687",2019-07-16 18:35:00,2.04,16,407.66,7.148,291.66,6.468,1.74947
"688",2019-07-16 18:40:00,2.15,15.8,413.76,7.758,291.67,6.823,1.74905
"689",2019-07-16 18:45:00,2.14,15.7,412.6,6.969,291.31,5.621,1.74876
"690",2019-07-16 18:50:00,2.15,15.6,417.07,7.764,294.83,5.59,1.74901
"691",2019-07-16 18:55:00,2.2,15.6,420.55,7.258,295.6,7.095,1.74872
"692",2019-07-16 19:00:00,2.22,15.5,419.51,7.497,293.23,5.624,1.74914
"693",2019-07-16 19:05:00,2.19,15.4,420.22,6.915,295.75,7.288,1.7493
"694",2019-07-16 19:10:00,2.26,15.4,423.77,6.683,295.32,6.834,1.74905
"695",2019-07-16 19:15:00,2.18,15.3,418.28,6.901,294.35,8.327,1.74876
"696",2019-07-16 19:20:00,2.17,15.3,420.6,4.616,297.4,9.754,1.74905
"697",2019-07-16 19:25:00,2.15,15.3,418.81,7.107,296.84,6.114,1.74922
"698",2019-07-16 19:30:00,2.2,15.2,422.46,6.912,297.8,5.434,1.74897
"699",2019-07-16 19:35:00,2.32,15.2,426.81,7.541,294.96,6.31,1.74935
"700",2019-07-16 19:40:00,2.35,15.2,430.07,8.278,296.92,5.69,1.7491
"701",2019-07-16 19:45:00,2.45,15.2,437.25,7.676,298.01,7.344,1.7491
"702",2019-07-16 19:50:00,2.54,15.1,439.62,7.238,295.12,8.048,1.74889
"703",2019-07-16 19:55:00,2.52,15.1,441.21,6.439,298.17,7.117,1.7493
"704",2019-07-16 20:00:00,2.5,15.1,440.05,9.238,297.94,7.642,1.74918
"705",2019-07-16 20:05:00,2.25,15.1,425.3,5.055,297.6,6.09,1.74885
"706",2019-07-16 20:10:00,1.92,15,407.22,7.152,298.02,7.532,1.74889
"707",2019-07-16 20:15:00,1.89,15,402.76,5.534,295.62,5.676,1.74922
"708",2019-07-16 20:20:00,1.8,15,397.8,5.416,295.81,4.892,1.74905
"709",2019-07-16 20:25:00,1.82,14.9,396.82,4.784,293.74,5.517,1.74889
"710",2019-07-16 20:30:00,1.89,14.9,401.35,5.41,293.89,7.633,1.74889
"711",2019-07-16 20:35:00,1.79,14.9,395.04,5.604,293.65,4.126,1.74893
"712",2019-07-16 20:40:00,1.81,14.8,397.22,4.652,294.35,3.061,1.74859
"713",2019-07-16 20:45:00,1.83,14.8,399.23,5.545,295.05,4.581,1.74914
"714",2019-07-16 20:50:00,1.85,14.7,397.48,5.349,292.61,4.785,1.7488
"715",2019-07-16 20:55:00,1.86,14.7,401.21,6.273,295.75,5.882,1.74872
"716",2019-07-16 21:00:00,1.95,14.6,408.05,7.429,297.13,5.223,1.7486
"717",2019-07-16 21:05:00,1.97,14.6,406.35,5.244,294.5,5.464,1.74843
"718",2019-07-16 21:10:00,1.95,14.5,408.16,7.12,297.32,5.229,1.74889
"719",2019-07-16 21:15:00,1.95,14.5,408.07,6.845,297.39,4.344,1.74889
"720",2019-07-16 21:20:00,1.98,14.5,411.7,6.926,299.16,6.229,1.74872
"721",2019-07-16 21:25:00,2.01,14.5,411.8,5.495,297.68,3.992,1.74835
"722",2019-07-16 21:30:00,1.97,14.5,409.11,4.997,297.42,4.903,1.74855
"723",2019-07-16 21:35:00,2.07,14.4,413.28,6.96,295.98,6.104,1.74864
"724",2019-07-16 21:40:00,1.99,14.4,413.76,5.43,300.59,7.208,1.74885
"725",2019-07-16 21:45:00,1.97,14.4,412.76,6.484,300.89,8.692,1.74872
"726",2019-07-16 21:50:00,2.02,14.4,411.91,4.73,297.42,7.81,1.74851
"727",2019-07-16 21:55:00,1.97,14.4,411.56,5.838,299.58,6.091,1.74893
"728",2019-07-16 22:00:00,1.97,14.4,411.68,7.072,299.81,5.929,1.74876
"729",2019-07-16 22:05:00,2.02,14.4,412.82,5.957,298.28,5.743,1.74876
"730",2019-07-16 22:10:00,2.09,14.4,416.75,4.502,297.9,5.926,1.74847
"731",2019-07-16 22:15:00,2.12,14.4,420.72,7.497,300.4,6.607,1.74897
"732",2019-07-16 22:20:00,2.1,14.4,417.75,5.853,298.6,6.189,1.74864
"733",2019-07-16 22:25:00,2.06,14.4,416.34,6.874,299.45,7.316,1.74855
"734",2019-07-16 22:30:00,2.03,14.4,415.48,8.028,300.3,6.929,1.74855
"735",2019-07-16 22:35:00,2.16,14.4,422.61,6.908,300.13,6.339,1.74897
"736",2019-07-16 22:40:00,2.14,14.4,421.14,4.383,299.83,6.914,1.7488
"737",2019-07-16 22:45:00,2.13,14.4,420.14,7.61,299.34,5.287,1.74885
"738",2019-07-16 22:50:00,2.18,14.4,423.21,6.587,299.47,6.894,1.74876
"739",2019-07-16 22:55:00,2.22,14.4,426.74,6.092,300.84,4.301,1.7491
"740",2019-07-16 23:00:00,2.09,14.4,421.14,4.061,302.63,7.311,1.74864
"741",2019-07-16 23:05:00,2.14,14.4,420.81,6.94,299.48,7.466,1.74885
"742",2019-07-16 23:10:00,2.23,14.4,426.03,10.45,299.5,5.322,1.74897
"743",2019-07-16 23:15:00,2.21,14.4,427.28,9.111,301.76,7.376,1.74897
"744",2019-07-16 23:20:00,2.19,14.4,425.69,5.474,301.24,8.205,1.74914
"745",2019-07-16 23:25:00,2.2,14.3,424.62,8.562,299.87,6.587,1.7488
"746",2019-07-16 23:30:00,2.27,14.3,429.91,5.702,301.17,5.906,1.74876
"747",2019-07-16 23:35:00,2.24,14.3,429.09,6.96,301.95,7.147,1.7486
"748",2019-07-16 23:40:00,2.24,14.3,427.17,8.046,300.23,6.058,1.74893
"749",2019-07-16 23:45:00,2.23,14.3,426.33,7.118,299.88,6.665,1.74855
"750",2019-07-16 23:50:00,2.21,14.2,427.71,5.994,302.41,5.276,1.74855
"751",2019-07-16 23:55:00,2.22,14.2,426.46,7.272,300.31,6.462,1.74868
"752",2019-07-17 00:00:00,2.23,14.2,426.94,6.135,300.44,6.091,1.74864
"753",2019-07-17 00:05:00,2.22,14.2,427.75,6.367,301.56,7.738,1.74868
"754",2019-07-17 00:10:00,2.24,14.1,428.07,8.129,300.86,5.665,1.74876
"755",2019-07-17 00:15:00,2.29,14.1,430.12,8.842,299.94,6.869,1.7488
"756",2019-07-17 00:20:00,2.27,14.1,430.01,7.463,301.31,9.066,1.74876
"757",2019-07-17 00:25:00,2.24,14.1,427.21,5.229,300.14,6.636,1.74872
"758",2019-07-17 00:30:00,2.24,14.1,427.1,6.947,299.86,6.712,1.74851
"759",2019-07-17 00:35:00,2.21,14.1,426.37,7.152,300.64,8.339,1.74859
"760",2019-07-17 00:40:00,2.25,14.1,429.47,5.172,301.43,6.746,1.7488
"761",2019-07-17 00:45:00,2.31,14.1,431.8,6.18,300.45,7.208,1.74864
"762",2019-07-17 00:50:00,2.39,14.2,435.63,8.715,300.2,4.259,1.74872
"763",2019-07-17 00:55:00,2.38,14.2,436.56,6.122,301.4,6.145,1.74843
"764",2019-07-17 01:00:00,2.36,14.2,435,8.502,301.21,6.746,1.74885
"765",2019-07-17 01:05:00,2.26,14.2,430.85,7.436,302.57,9.017,1.7486
"766",2019-07-17 01:10:00,2.29,14.2,433.43,8.186,303.23,5.161,1.74872
"767",2019-07-17 01:15:00,2.34,14.2,437.51,9.114,304.45,7.74,1.74851
"768",2019-07-17 01:20:00,2.37,14.2,437.91,6.598,303.57,7.78,1.74893
"769",2019-07-17 01:25:00,2.43,14.2,439.97,6.666,301.81,6.171,1.74872
"770",2019-07-17 01:30:00,2.39,14.2,438.99,7.286,303.09,7.142,1.74901
"771",2019-07-17 01:35:00,2.33,14.2,435.17,7.259,302.74,5.728,1.7488
"772",2019-07-17 01:40:00,2.34,14.2,434.07,6.073,301.37,9.363,1.74885
"773",2019-07-17 01:45:00,2.35,14.2,435.24,6.864,301.79,6.562,1.7486
"774",2019-07-17 01:50:00,2.42,14.1,440.81,8.022,303.17,4.997,1.74876
"775",2019-07-17 01:55:00,2.42,14.1,441.61,7.339,303.98,5.923,1.74864
"776",2019-07-17 02:00:00,2.38,14.1,437.81,8.587,302.82,8.316,1.74893
"777",2019-07-17 02:05:00,2.48,14.1,441.77,7.142,300.99,7.388,1.7488
"778",2019-07-17 02:10:00,2.44,14,442.67,7.125,304.4,4.41,1.74839
"779",2019-07-17 02:15:00,2.46,14,441.22,9.2,301.61,9.181,1.7488
"780",2019-07-17 02:20:00,2.38,14,439.17,8.644,304.01,8.579,1.74889
"781",2019-07-17 02:25:00,2.43,14,440.59,9.371,302.55,6.239,1.74864
"782",2019-07-17 02:30:00,2.42,14,440.99,7.556,303.85,7.821,1.74864
"783",2019-07-17 02:35:00,2.36,13.9,438.24,10.06,304,7.767,1.74868
"784",2019-07-17 02:40:00,2.48,13.9,443.52,6.859,302.87,7.711,1.74855
"785",2019-07-17 02:45:00,2.49,13.9,444.21,7.984,302.93,8.723,1.74851
"786",2019-07-17 02:50:00,2.54,13.9,447.63,8.544,303.19,7.473,1.74843
"787",2019-07-17 02:55:00,2.57,13.8,447.86,11.018,302.01,7.928,1.74864
"788",2019-07-17 03:00:00,2.44,13.8,443.09,10.083,304.77,6.256,1.74851
"789",2019-07-17 03:05:00,2.41,13.8,440.39,5.662,303.77,6.425,1.7486
"790",2019-07-17 03:10:00,2.5,13.8,447.44,9.342,305.47,5.907,1.74855
"791",2019-07-17 03:15:00,2.44,13.8,443.73,7.398,305.43,9.802,1.74855
"792",2019-07-17 03:20:00,2.4,13.8,441.55,8.744,305.39,6.309,1.74889
"793",2019-07-17 03:25:00,2.39,13.8,440.43,8.227,304.67,6.092,1.74839
"794",2019-07-17 03:30:00,2.48,13.8,445.41,7.271,304.41,5.855,1.74855
"795",2019-07-17 03:35:00,2.52,13.8,447.68,7.597,304.43,7.795,1.74835
"796",2019-07-17 03:40:00,2.47,13.8,445.48,8.803,305.33,5.782,1.74876
"797",2019-07-17 03:45:00,2.48,13.8,447.63,9.113,306.7,7.609,1.74851
"798",2019-07-17 03:50:00,2.54,13.8,448.73,8.697,304.71,10.097,1.74855
"799",2019-07-17 03:55:00,2.41,13.8,443.2,6.071,306.45,6.771,1.74864
"800",2019-07-17 04:00:00,2.51,13.8,449.44,6.143,307.02,6.538,1.74826
"801",2019-07-17 04:05:00,2.5,13.8,446.42,8.814,304.37,6.509,1.74851
"802",2019-07-17 04:10:00,2.5,13.8,448.63,8.678,306.48,7.925,1.74834
"803",2019-07-17 04:15:00,2.52,13.8,448.01,8.79,305.13,6.991,1.74851
"804",2019-07-17 04:20:00,2.51,13.8,451.04,6.781,308.67,8.141,1.74864
"805",2019-07-17 04:25:00,2.51,13.8,452.43,8.681,310.09,7.792,1.74864
"806",2019-07-17 04:30:00,2.53,13.8,450.35,10.658,306.62,7.47,1.74872
"807",2019-07-17 04:35:00,2.53,13.8,450.4,8.044,306.68,6.96,1.74847
"808",2019-07-17 04:40:00,2.59,13.7,451.49,6.599,304.67,7.536,1.74826
"809",2019-07-17 04:45:00,2.53,13.7,452.13,9.544,308.64,8.106,1.74847
"810",2019-07-17 04:50:00,2.54,13.7,450.87,8.372,306.78,8.045,1.74855
"811",2019-07-17 04:55:00,2.55,13.7,449.41,7.931,304.85,7.759,1.74826
"812",2019-07-17 05:00:00,2.5,13.7,447.15,7.624,305.27,9.727,1.74868
"813",2019-07-17 05:05:00,2.55,13.7,450.99,9.673,306.14,7.509,1.74864
"814",2019-07-17 05:10:00,2.53,13.7,451.31,6.879,307.38,8.084,1.74872
"815",2019-07-17 05:15:00,2.55,13.7,451.29,7.356,306.46,9.144,1.74839
"816",2019-07-17 05:20:00,2.48,13.6,446.53,8.795,305.53,5.333,1.74801
"817",2019-07-17 05:25:00,2.55,13.6,450.7,6.592,306.11,9.576,1.74847
"818",2019-07-17 05:30:00,2.58,13.6,451.3,8.511,304.65,7.215,1.74822
"819",2019-07-17 05:35:00,2.52,13.5,449.22,8.581,306.03,5.521,1.74834
"820",2019-07-17 05:40:00,2.47,13.5,444.54,7.549,304.16,6.15,1.74826
"821",2019-07-17 05:45:00,2.54,13.5,450.91,7.622,306.97,7.082,1.74814
"822",2019-07-17 05:50:00,2.58,13.5,451.97,9.334,305.23,6.214,1.74835
"823",2019-07-17 05:55:00,2.62,13.5,457.25,9.643,308.72,8.994,1.74843
"824",2019-07-17 06:00:00,2.59,13.5,453.89,7.577,306.78,7.288,1.74839
"825",2019-07-17 06:05:00,2.55,13.5,452.9,6.611,307.97,9.007,1.7486
"826",2019-07-17 06:10:00,2.57,13.5,454.47,6.725,308.45,8.644,1.7483
"827",2019-07-17 06:15:00,2.7,13.5,461.15,5.706,307.89,6.453,1.74814
"828",2019-07-17 06:20:00,2.69,13.6,458.89,8.338,306.2,7.673,1.74847
"829",2019-07-17 06:25:00,2.64,13.6,457.49,8.413,307.69,8.985,1.74839
"830",2019-07-17 06:30:00,2.63,13.6,456.99,10.286,307.45,5.916,1.74843
"831",2019-07-17 06:35:00,2.63,13.7,456.87,8.248,307.77,8.892,1.74847
"832",2019-07-17 06:40:00,2.62,13.7,457.87,9.952,309.29,9.944,1.74864
"833",2019-07-17 06:45:00,2.67,13.7,459.62,6.406,307.98,6.863,1.74851
"834",2019-07-17 06:50:00,2.67,13.8,458.55,7.018,307.04,5.746,1.74872
"835",2019-07-17 06:55:00,2.55,13.8,452.59,9.546,307.74,6.177,1.7488
"836",2019-07-17 07:00:00,2.56,13.8,450.73,6.955,305.4,8.376,1.74864
"837",2019-07-17 07:05:00,2.59,13.9,453.63,8.108,306.56,8.153,1.74889
"838",2019-07-17 07:10:00,2.58,13.9,451.68,9.091,304.92,9.009,1.74876
"839",2019-07-17 07:15:00,2.5,14,446.72,7.114,304.77,7.113,1.7488
"840",2019-07-17 07:20:00,2.47,14,446.15,7.333,306.12,9.995,1.74864
"841",2019-07-17 07:25:00,2.63,14.1,452.87,10.323,303.63,7.942,1.7491
"842",2019-07-17 07:30:00,2.54,14.2,448.75,7.791,304.34,8.694,1.74885
"843",2019-07-17 07:35:00,2.56,14.2,448.24,5.352,302.65,6.585,1.74893
"844",2019-07-17 07:40:00,2.5,14.4,443.75,7.1,301.63,11.694,1.74922
"845",2019-07-17 07:45:00,2.41,14.5,440.8,8.228,303.95,7.849,1.74935
"846",2019-07-17 07:50:00,2.46,14.5,442.66,6.068,303.2,7.551,1.74939
"847",2019-07-17 07:55:00,2.48,14.6,444.49,8.306,303.91,5.858,1.74926
"848",2019-07-17 08:00:00,2.52,14.6,446.6,8.538,303.24,7.855,1.74926
"849",2019-07-17 08:05:00,2.47,14.7,442.39,7.737,301.97,8.242,1.7493
"850",2019-07-17 08:10:00,2.41,14.7,440.75,5.161,304.03,5.052,1.74939
"851",2019-07-17 08:15:00,2.46,14.8,443.19,7.184,303.51,9.776,1.74914
"852",2019-07-17 08:20:00,2.39,14.8,439.22,5.422,303.49,6.397,1.74922
"853",2019-07-17 08:25:00,2.46,14.9,443.04,8.73,303.61,8.15,1.74935
"854",2019-07-17 08:30:00,2.18,15,428.72,6.749,304.94,6.796,1.74943
"855",2019-07-17 08:35:00,2.21,15,428.4,7.064,302.99,7.001,1.7491
"856",2019-07-17 08:40:00,2.31,15.1,432.03,8.51,301.09,6.731,1.7496
"857",2019-07-17 08:45:00,2.42,15.1,437.78,7.808,300.09,7.259,1.74972
"858",2019-07-17 08:50:00,2.21,15,430.54,7.216,304.83,6.878,1.74947
"859",2019-07-17 08:55:00,2.3,15.1,433.72,6.422,302.98,5.399,1.75001
"860",2019-07-17 09:00:00,2.28,15.1,431.15,7.017,301.86,7.098,1.74976
"861",2019-07-17 09:05:00,2.2,15.2,425.54,5.618,300.75,7.932,1.74985
"862",2019-07-17 09:10:00,2.09,15.2,419.2,7.785,300.73,6.941,1.74955
"863",2019-07-17 09:15:00,2.24,15.3,427.61,6.673,300.49,6.656,1.7496
"864",2019-07-17 09:20:00,2.04,15.3,418.24,5.278,302.33,7.582,1.74947
"865",2019-07-17 09:25:00,2.16,15.4,421.22,6.177,298.4,7.813,1.7498
"866",2019-07-17 09:30:00,2.23,15.5,425.66,6.746,298.77,6.448,1.74993
"867",2019-07-17 09:35:00,2.43,15.7,431.82,6.098,293.88,6.96,1.7498
"868",2019-07-17 09:40:00,2.23,15.8,423.94,6.475,297.44,6.485,1.75001
"869",2019-07-17 09:45:00,2.16,15.9,420.42,10.158,297.78,4.997,1.75005
"870",2019-07-17 09:50:00,2.31,16.2,428.1,5.346,297.02,6.34,1.75014
"871",2019-07-17 09:55:00,2.2,16.3,422.89,6.898,297.8,5.323,1.75047
"872",2019-07-17 10:00:00,2.19,16.5,420.19,7.166,295.67,5.341,1.75055
"873",2019-07-17 10:05:00,2.14,16.6,415.63,5.089,294.15,7.115,1.75039
"874",2019-07-17 10:10:00,2.05,16.7,412.47,8.029,296.32,7.217,1.75055
"875",2019-07-17 10:15:00,2.04,16.7,411.93,5.758,296.17,6.355,1.75014
"876",2019-07-17 10:20:00,2.1,16.7,410.63,7.769,291.27,7.922,1.75035
"877",2019-07-17 10:25:00,2.06,16.8,410.3,5.862,293.22,6.153,1.75043
"878",2019-07-17 10:30:00,2.06,16.8,409.43,5.52,292.66,6.006,1.75059
"879",2019-07-17 10:35:00,1.96,16.8,406.02,5.598,294.78,6.065,1.75064
"880",2019-07-17 10:40:00,1.94,16.8,402.8,5.674,292.4,3.977,1.7508
"881",2019-07-17 10:45:00,1.95,16.8,403.04,7.055,292.52,4.131,1.75068
"882",2019-07-17 10:50:00,1.98,16.9,403.23,5.765,290.79,5.921,1.75026
"883",2019-07-17 10:55:00,2,17.1,404.89,5.86,291.5,5.32,1.75089
"884",2019-07-17 11:00:00,2.04,17.1,407.97,8.07,292.08,6.521,1.75085
"885",2019-07-17 11:05:00,1.9,17.1,401.86,6.806,294.17,6.41,1.75085
"886",2019-07-17 11:10:00,2,17.3,404.53,6.053,291.16,7.384,1.75093
"887",2019-07-17 11:15:00,1.97,17.6,399.92,5.551,288.25,4.94,1.75059
"888",2019-07-17 11:20:00,1.93,17.8,399.21,5.489,289.37,7.086,1.75101
"889",2019-07-17 11:25:00,1.89,18.1,393.03,6.504,285.7,5.421,1.75097
"890",2019-07-17 11:30:00,1.81,18.4,389.96,8.469,287.3,3.837,1.75147
"891",2019-07-17 11:35:00,1.89,18.7,390.09,6.737,282.59,2.901,1.75139
"892",2019-07-17 11:40:00,1.85,18.9,391.08,5.956,286.27,6.665,1.75176
"893",2019-07-17 11:45:00,1.6,19,380.64,5.518,289.53,6.222,1.75189
"894",2019-07-17 11:50:00,1.87,19.4,386.66,8.139,280.56,5.809,1.75185
"895",2019-07-17 11:55:00,1.82,19.5,389.24,4.308,285.86,4.317,1.75189
"896",2019-07-17 12:00:00,1.74,19.6,383.3,5.6,284.52,3.769,1.75218
"897",2019-07-17 12:05:00,1.62,19.6,378.32,3.874,286.12,6.541,1.7523
"898",2019-07-17 12:10:00,1.64,19.5,380.46,5.216,287.11,5.087,1.75235
"899",2019-07-17 12:15:00,1.71,19.4,384.65,7.311,287.6,6.756,1.75251
"900",2019-07-17 12:20:00,1.64,19.3,379.67,5.529,286.82,3.821,1.75235
"901",2019-07-17 12:25:00,1.64,19.2,380.71,2.499,287.73,5.14,1.75193
"902",2019-07-17 12:30:00,1.57,19.1,378.7,3.949,289.31,4.871,1.75185
"903",2019-07-17 12:35:00,1.72,19.1,382.18,5.318,284.51,4.621,1.75214
"904",2019-07-17 12:40:00,1.69,19.2,378.43,5.927,282.59,4.101,1.75197
"905",2019-07-17 12:45:00,1.66,19.2,379.99,6.276,285.62,5.669,1.75243
"906",2019-07-17 12:50:00,1.73,19.2,382.62,7.564,284.36,3.171,1.75251
"907",2019-07-17 12:55:00,1.66,19.3,379.84,6.55,285.41,5.666,1.75201
"908",2019-07-17 13:00:00,1.71,19.4,381.39,5.678,284.3,7.647,1.75226
"909",2019-07-17 13:05:00,1.65,19.4,380.15,4.362,286.64,4.278,1.75235
"910",2019-07-17 13:10:00,1.53,19.4,374.15,5.407,287.05,6.325,1.75255
"911",2019-07-17 13:15:00,1.51,19.5,371.42,6.7,285.49,6.22,1.75235
"912",2019-07-17 13:18:57,0,0,0,0,0,0,2
"913",2019-07-17 13:30:00,1.63,19.2,378.99,2.306,286.16,2.16,1.7521
"914",2019-07-17 13:45:00,1.62,18.6,377.64,6.869,285.52,2.811,1.75193
"915",2019-07-17 14:00:00,1.58,18.5,377.6,6.046,287.97,4.206,1.75164
"916",2019-07-17 14:15:00,1.44,18.4,368.5,5.64,286.92,6.032,1.75168
"917",2019-07-17 14:30:00,1.42,18.8,365.89,6.187,285.45,3.814,1.75189
"918",2019-07-17 14:45:00,1.41,18.3,366.5,6.299,286.63,4.876,1.75147
"919",2019-07-17 15:00:00,1.37,17.7,364.2,3.531,286.18,3.001,1.7508
"920",2019-07-17 15:15:00,1.33,18.1,359.76,4.52,284.36,5.139,1.75155
"921",2019-07-17 15:30:00,1.36,18.3,365.03,5.53,287.6,7.247,1.75201
"922",2019-07-17 15:45:00,1.38,18.3,363.92,3.398,285.8,2.663,1.75189
"923",2019-07-17 16:00:00,1.3,17.9,364.28,2.486,290.36,5.016,1.75155
"924",2019-07-17 16:15:00,1.29,17.4,364.75,4.902,291.65,4.154,1.75122
"925",2019-07-17 16:30:00,1.22,17.1,362.23,6.341,292.85,4.514,1.75085
"926",2019-07-17 16:45:00,1.39,16.7,367.25,2.858,288.27,6.569,1.75018
"927",2019-07-17 17:00:00,1.38,16.3,369.56,3.314,291.13,1.897,1.75014
"928",2019-07-17 17:15:00,1.39,16,370.96,4.699,292.06,4.151,1.74993
"929",2019-07-17 17:30:00,1.38,15.8,370.28,3.928,292.19,4.363,1.75001
"930",2019-07-17 17:45:00,1.36,15.5,373.6,5.483,296.11,4.944,1.74964
"931",2019-07-17 18:00:00,1.38,15.2,375.73,5.842,297.43,4.188,1.7491
"932",2019-07-17 18:15:00,1.43,14.7,376.78,4.406,295.38,3.879,1.74872
"933",2019-07-17 18:30:00,1.44,14.3,379.77,4.47,297.84,6.05,1.74843
"934",2019-07-17 18:45:00,1.57,14,386.53,6.372,297.37,4.638,1.74847
"935",2019-07-17 19:00:00,1.62,13.7,393.82,5.449,301.58,3.799,1.7483
"936",2019-07-17 19:15:00,1.64,13.6,393.44,7.14,300.25,5.684,1.74764
"937",2019-07-17 19:30:00,1.72,13.4,397.2,3.975,299.54,3.584,1.74789
"938",2019-07-17 19:45:00,1.77,13.3,399.78,4.997,299.47,5.844,1.74818
"939",2019-07-17 20:00:00,1.77,13.2,403.3,6.403,302.78,5.123,1.74772
"940",2019-07-17 20:15:00,1.81,13.1,405.84,6.131,303,6.617,1.74789
"941",2019-07-17 20:30:00,1.91,13,409.14,7.633,300.84,4.23,1.74789
"942",2019-07-17 20:45:00,1.94,12.9,411.65,6.657,301.36,5.263,1.74755
"943",2019-07-17 21:00:00,1.96,12.8,413.04,7.512,302.01,7.239,1.74751
"944",2019-07-17 21:15:00,1.99,12.7,415.58,6.323,302.85,6.917,1.74714
"945",2019-07-17 21:30:00,2.09,12.7,422.15,7.009,303.72,4.471,1.74709
"946",2019-07-17 21:45:00,2.11,12.6,421.64,8.62,301.97,6.766,1.74743
"947",2019-07-17 22:00:00,2.1,12.6,422.51,8.071,303.3,5.085,1.74726
"948",2019-07-17 22:15:00,2.27,12.6,436.35,6.343,307.55,4.186,1.7473
"949",2019-07-17 22:30:00,2.29,12.6,434.24,8.987,303.97,7.261,1.74718
"950",2019-07-17 22:45:00,2.24,12.7,434.46,6.62,307.05,8.657,1.74755
"951",2019-07-17 23:00:00,2.28,12.7,433.87,7.891,304.17,7.846,1.74743
"952",2019-07-17 23:15:00,2.19,12.8,431.79,5.329,307.49,6.352,1.74751
"953",2019-07-17 23:30:00,2.28,12.8,436.17,6.864,306.71,5.617,1.74776
"954",2019-07-17 23:45:00,2.27,12.7,437.43,7.109,308.32,6.2,1.74776
"955",2019-07-18 00:00:00,2.23,12.6,431.86,7.371,305.36,8.688,1.7476
"956",2019-07-18 00:15:00,2.15,12.5,428.5,8.292,306.18,8.451,1.74726
"957",2019-07-18 00:30:00,2.25,12.4,433.33,7.08,305.48,7.053,1.74739
"958",2019-07-18 00:45:00,2.26,12.3,435.4,9.153,307.17,6.106,1.74726
"959",2019-07-18 01:00:00,2.44,12.3,443.89,10.152,305.13,6.721,1.74722
"960",2019-07-18 01:15:00,2.4,12.2,443.59,7.599,307.23,5.006,1.74714
"961",2019-07-18 01:30:00,2.48,12.2,448.96,6.986,308.19,7.123,1.74726
"962",2019-07-18 01:45:00,2.33,12.2,441.58,7.985,309.23,8.563,1.74701
"963",2019-07-18 02:00:00,2.53,12.1,450.1,6.823,306.18,5.466,1.74755
"964",2019-07-18 02:15:00,2.35,12.1,442.94,8.275,309.23,7.755,1.74701
"965",2019-07-18 02:30:00,2.66,12.1,459.44,7.515,308.18,7.167,1.74726
"966",2019-07-18 02:45:00,2.5,12.1,453.38,8.866,311.2,8.67,1.74747
"967",2019-07-18 03:00:00,2.77,12.1,466.92,8.533,309.81,8.036,1.74751
"968",2019-07-18 03:15:00,2.53,12.2,455.26,10.458,311.35,7.07,1.7476
"969",2019-07-18 03:30:00,2.72,12.3,463.84,10.668,309.67,7.372,1.74785
"970",2019-07-18 03:45:00,2.84,12.3,474.81,7.657,313.79,7.117,1.74768
"971",2019-07-18 04:00:00,2.67,12.4,464.58,10.953,313.02,8.526,1.74785
"972",2019-07-18 04:15:00,2.65,12.5,462.58,10.155,312.19,8.992,1.74785
"973",2019-07-18 04:30:00,2.82,12.5,472.68,11.155,312.52,8.94,1.74793
"974",2019-07-18 04:45:00,2.71,12.5,467.33,7.075,313.66,7.748,1.74764
"975",2019-07-18 05:00:00,2.76,12.5,469.41,8.892,312.77,6.489,1.7476
"976",2019-07-18 05:15:00,2.76,12.5,469.74,7.215,312.82,10.388,1.74764
"977",2019-07-18 05:30:00,2.84,12.5,475.38,10.98,314.01,7.439,1.7483
"978",2019-07-18 05:45:00,2.81,12.5,472.74,6.665,312.94,7.723,1.74797
"979",2019-07-18 06:00:00,2.73,12.6,468.06,9.829,313.12,9.376,1.74764
"980",2019-07-18 06:15:00,2.82,12.6,469.28,8.341,309.39,7.62,1.74772
"981",2019-07-18 06:30:00,2.82,12.6,474.48,9.308,314.34,7.731,1.74801
"982",2019-07-18 06:45:00,2.87,12.7,476.46,9.829,313.33,8.986,1.74797
"983",2019-07-18 07:00:00,2.8,12.7,472.68,7.979,313.45,6.947,1.74789
"984",2019-07-18 07:15:00,2.73,12.8,471.33,9.647,316.16,8.73,1.74839
"985",2019-07-18 07:30:00,2.82,12.9,471.47,12.183,311.21,9.432,1.74843
"986",2019-07-18 07:45:00,2.75,12.9,469.19,9.719,312.81,7.24,1.7481
"987",2019-07-18 08:00:00,2.73,13,468.38,7.876,313.59,5.973,1.74843
"988",2019-07-18 08:15:00,2.63,13.2,462.05,7.997,312.6,10.872,1.74851
"989",2019-07-18 08:30:00,2.53,13.4,454.08,8.059,310.41,7.486,1.74864
"990",2019-07-18 08:45:00,2.59,13.6,456.25,8.028,308.96,7.507,1.74843
"991",2019-07-18 09:00:00,2.59,14.4,452.47,6.962,305.32,6.92,1.74897
"992",2019-07-18 09:15:00,2.52,14.9,448.14,7.165,305.05,6.108,1.74935
"993",2019-07-18 09:30:00,2.41,15.4,439.17,6.991,302.31,6.521,1.74951
"994",2019-07-18 09:45:00,2.23,16,430.12,7.155,303.31,5.872,1.75022
"995",2019-07-18 10:00:00,2.19,16.3,424.04,7.458,299.44,6.694,1.75039
"996",2019-07-18 10:15:00,2.15,16.9,416.95,4.993,294.75,9.052,1.75064
"997",2019-07-18 10:30:00,2.05,17.2,411.38,5.902,295.27,5.294,1.75072
"998",2019-07-18 10:45:00,1.98,17.6,405.72,6.334,293.11,4.054,1.75097
"999",2019-07-18 11:00:00,1.78,18.2,390.34,5.773,289.24,4.594,1.75147
"1000",2019-07-18 11:15:00,1.71,18.7,383.22,6.003,285.9,4.03,1.75143
"1001",2019-07-18 11:30:00,1.68,18.8,384.09,5.52,288.52,6.583,1.75176
"1002",2019-07-18 11:45:00,1.59,18.8,380.38,8.007,290.27,6.396,1.75235
"1003",2019-07-18 12:00:00,1.61,18.6,379.59,5.083,287.95,6.017,1.75201
"1004",2019-07-18 12:15:00,1.57,19,375.13,5.175,285.8,4.128,1.75214
"1005",2019-07-18 12:30:00,1.5,19.7,370.03,3.273,284.71,4.244,1.75243
"1006",2019-07-18 12:45:00,1.44,20,367.35,4.244,285.31,5.693,1.7528
"1007",2019-07-18 13:00:00,1.34,19.9,368.66,5.053,292.31,4.897,1.75264
"1008",2019-07-18 13:15:00,1.28,19.4,363.37,4.137,290.44,4.313,1.7521
"1009",2019-07-18 13:30:00,1.41,19.3,365.08,6.68,284.88,1.878,1.75255
"1010",2019-07-18 13:45:00,1.38,19.4,367.87,4.887,289.42,4.174,1.75301
"1011",2019-07-18 14:00:00,1.31,19.1,362.56,6.283,288.29,3.334,1.75255
"1012",2019-07-18 14:11:51,0,0,0,0,0,0,2
